"participants","sic_primary","date_announced","date_terminated","business_description","participant_nation","alliance_deal_name","alliance_sic_code","alliance_nation","status","type","ownership_structure","deal_number","participant_country","continent"
"Solitan Systems KK","7372","2000-02-01","","Develop software","Japan","SOLITAN SYTEMS KK/PROGRESS INTERACTIVE/SYSTEM CONSULTANT/HEWLETT-PACKARD~JAPAN LTD/DAY WORKS/TOKYU CORP/NRI DATA SERVICE -SA","7373","Japan","Completed/Signed","Strategic Alliance",NA,976142045,"Japan","Asia"
"Progress Interactive","7371","2000-02-01","","Dev, whl software","Japan","SOLITAN SYTEMS KK/PROGRESS INTERACTIVE/SYSTEM CONSULTANT/HEWLETT-PACKARD~JAPAN LTD/DAY WORKS/TOKYU CORP/NRI DATA SERVICE -SA","7373","Japan","Completed/Signed","Strategic Alliance",NA,976142045,"Japan","Asia"
"System Consultant","7371","2000-02-01","","Dev,whl softwares","Japan","SOLITAN SYTEMS KK/PROGRESS INTERACTIVE/SYSTEM CONSULTANT/HEWLETT-PACKARD~JAPAN LTD/DAY WORKS/TOKYU CORP/NRI DATA SERVICE -SA","7373","Japan","Completed/Signed","Strategic Alliance",NA,976142045,"Japan","Asia"
"Hewlett-Packard Japan Ltd","3571","2000-02-01","","Electronic Computer Manufacturing","Japan","SOLITAN SYTEMS KK/PROGRESS INTERACTIVE/SYSTEM CONSULTANT/HEWLETT-PACKARD~JAPAN LTD/DAY WORKS/TOKYU CORP/NRI DATA SERVICE -SA","7373","Japan","Completed/Signed","Strategic Alliance",NA,976142045,"Japan","Asia"
"D-worx Inc","7372","2000-02-01","","Dvlp software","Japan","SOLITAN SYTEMS KK/PROGRESS INTERACTIVE/SYSTEM CONSULTANT/HEWLETT-PACKARD~JAPAN LTD/DAY WORKS/TOKYU CORP/NRI DATA SERVICE -SA","7373","Japan","Completed/Signed","Strategic Alliance",NA,976142045,"Japan","Asia"
"Tokyu Corp","4111","2000-02-01","","Pvd railway svcs","Japan","SOLITAN SYTEMS KK/PROGRESS INTERACTIVE/SYSTEM CONSULTANT/HEWLETT-PACKARD~JAPAN LTD/DAY WORKS/TOKYU CORP/NRI DATA SERVICE -SA","7373","Japan","Completed/Signed","Strategic Alliance",NA,976142045,"Japan","Asia"
"NRI Data Services","7373","2000-02-01","","Develop network computing sys","Japan","SOLITAN SYTEMS KK/PROGRESS INTERACTIVE/SYSTEM CONSULTANT/HEWLETT-PACKARD~JAPAN LTD/DAY WORKS/TOKYU CORP/NRI DATA SERVICE -SA","7373","Japan","Completed/Signed","Strategic Alliance",NA,976142045,"Japan","Asia"
"Electronic Data Sistems Corp","3571","2000-02-07","","Mnfr elec computers","Japan","ELECTRONIC DATA SISTEMS CORP/TRANSPOINT CORP  -STRATEGIC ALLIANCE","7375","Supranational","Completed/Signed","Strategic Alliance",NA,974509045,"Japan","Asia"
"TransPoint Corp","7375","2000-02-07","","Internet Service Provider{ISP}","United States","ELECTRONIC DATA SISTEMS CORP/TRANSPOINT CORP  -STRATEGIC ALLIANCE","7375","Supranational","Completed/Signed","Strategic Alliance",NA,974509045,"United States","Americas"
"Legend Holdings Ltd","3571","2000-03-02","","Mnfr,whl computer prod","Hong Kong","LEGEND HOLDINGS/PACIFIC CENTURY CYBERWORKS LTD -STRATEGIC ALLIANCE","7375","China","Completed/Signed","Strategic Alliance",NA,982382045,"Hong Kong","Asia"
"Pacific Century CyberWorks Ltd","7375","2000-03-02","","Internet Service Provider{ISP}","Hong Kong","LEGEND HOLDINGS/PACIFIC CENTURY CYBERWORKS LTD -STRATEGIC ALLIANCE","7375","China","Completed/Signed","Strategic Alliance",NA,982382045,"Hong Kong","Asia"
"Twinhead International Corp","3571","2000-03-29","","Mnfr,whl computers","Taiwan","TWINHEAD INTERNATIONAL CORP/EBAY INC-STRATEGIC ALLIANCE","7389","Supranational","Completed/Signed","Strategic Alliance",NA,2634115045,"Taiwan","Asia"
"eBay Inc","7389","2000-03-29","","Provides e-commerce retail services","United States","TWINHEAD INTERNATIONAL CORP/EBAY INC-STRATEGIC ALLIANCE","7389","Supranational","Completed/Signed","Strategic Alliance",NA,2634115045,"United States","Americas"
"China Hewlett-Packard Co Ltd","3571","2000-04-05","","Mnfr computers,testing equip","China","HEWLETT-PACKARD CHINA /XI'AN XIETONG SOFTWARE CO  -STRATEGIC ALLIANCE","7375","China","Completed/Signed","Strategic Alliance",NA,994991045,"China","Asia"
"Xi'an Xietong Software Co","7372","2000-04-05","","Dvlp software","China","HEWLETT-PACKARD CHINA /XI'AN XIETONG SOFTWARE CO  -STRATEGIC ALLIANCE","7375","China","Completed/Signed","Strategic Alliance",NA,994991045,"China","Asia"
"Alcatel SA","3669","2000-04-05","","Mnfr,whl telecom equip","France","ALCATEL SA/MITAC INTERNATIONAL CORP -STRATEGIC ALLIANCE","7371","Taiwan","Completed/Signed","Strategic Alliance",NA,994532045,"France","Europe"
"MiTAC International Corp","3571","2000-04-05","","Mnfr,whl computer,peripherals","Taiwan","ALCATEL SA/MITAC INTERNATIONAL CORP -STRATEGIC ALLIANCE","7371","Taiwan","Completed/Signed","Strategic Alliance",NA,994532045,"Taiwan","Asia"
"Legend Computer Group","3571","2000-04-27","","Mnfr,whl  computers","China","PETROCHINA/LEGEND COMPUTER GROUP -STRATEGIC ALLIANCE","5734","China","Completed/Signed","Strategic Alliance",NA,1001056045,"China","Asia"
"PetroChina Co Ltd","1311","2000-04-27","","Oil,gas expl,prodn","China","PETROCHINA/LEGEND COMPUTER GROUP -STRATEGIC ALLIANCE","5734","China","Completed/Signed","Strategic Alliance",NA,1001056045,"China","Asia"
"ITC Infotech Ltd(ITC Ltd)","7375","2000-05-22","","Pvd Internet search engine svc","United Kingdom","ITS INFOTECH LTD/COMPAQ COMPUTER (INDIA) PVT-STRATEGIC ALLIANCE","7372","India","Completed/Signed","Strategic Alliance",NA,1008145045,"United Kingdom","Europe"
"Compaq Computer (India) Pvt","3571","2000-05-22","","Mnfg computers and","India","ITS INFOTECH LTD/COMPAQ COMPUTER (INDIA) PVT-STRATEGIC ALLIANCE","7372","India","Completed/Signed","Strategic Alliance",NA,1008145045,"India","Asia"
"MGI Software Corp","7372","2000-06-07","","Develop computer software","Canada","MGI SOFTWARE CORP/GIGABYTE TECHNOLOGY CORP  -STRATEGIC ALLIANCE","6794","Canada","Completed/Signed","Strategic Alliance",NA,1013433045,"Canada","Americas"
"Gigabyte Technology Co Ltd","3571","2000-06-07","","Mnfr computer chip motherboard","Taiwan","MGI SOFTWARE CORP/GIGABYTE TECHNOLOGY CORP  -STRATEGIC ALLIANCE","6794","Canada","Completed/Signed","Strategic Alliance",NA,1013433045,"Taiwan","Asia"
"Qualcomm Inc","3674","2000-06-08","","Manufactures and wholesales semiconductors and related devices","United States","QUALCOMM INC /LANGCHAO GROUP -STRATEGIC ALLIANCE","8731","China","Completed/Signed","Strategic Alliance",NA,1013621045,"United States","Americas"
"Inspur Electn Info Ind Co Ltd","3571","2000-06-08","","Mnfr electn computers","China","QUALCOMM INC /LANGCHAO GROUP -STRATEGIC ALLIANCE","8731","China","Completed/Signed","Strategic Alliance",NA,1013621045,"China","Asia"
"Kenwood Corp","3651","2000-06-21","","Mnfr audio,video equipment","Japan","KENWOOD CORP/SOTEC  -STRATEGIC ALLIANCE","3651","Japan","Completed/Signed","Strategic Alliance",NA,1018001045,"Japan","Asia"
"Sotec Co Ltd","3571","2000-06-21","","Mnfr computer","Japan","KENWOOD CORP/SOTEC  -STRATEGIC ALLIANCE","3651","Japan","Completed/Signed","Strategic Alliance",NA,1018001045,"Japan","Asia"
"Oisix Inc","5431","2000-06-22","","Ret organic food","Japan","OISIX CO/NISSHO IWAI CORP/HEWLETT-PACKARD JAPAN LTD -STRATEGIC ALLIANCE","7375","Japan","Completed/Signed","Strategic Alliance",NA,1019211045,"Japan","Asia"
"Nissho Iwai Corp","5099","2000-06-22","","Domestic,intl whl trading co","Japan","OISIX CO/NISSHO IWAI CORP/HEWLETT-PACKARD JAPAN LTD -STRATEGIC ALLIANCE","7375","Japan","Completed/Signed","Strategic Alliance",NA,1019211045,"Japan","Asia"
"Hewlett-Packard Japan Ltd","3571","2000-06-22","","Electronic Computer Manufacturing","Japan","OISIX CO/NISSHO IWAI CORP/HEWLETT-PACKARD JAPAN LTD -STRATEGIC ALLIANCE","7375","Japan","Completed/Signed","Strategic Alliance",NA,1019211045,"Japan","Asia"
"Oki Electric Industry Co Ltd","3571","2000-06-26","","Mnf,whl info,telecommun sys","Japan","OKI ELECTRIC INDUSTRY CO LTD/CASIO COMPUTER CO -STRATEGIC ALLIANCE","3674","Japan","Completed/Signed","Strategic Alliance",NA,1019787045,"Japan","Asia"
"Casio Computer Co Ltd","3679","2000-06-26","","Mnfr,whl consumer electn prods","Japan","OKI ELECTRIC INDUSTRY CO LTD/CASIO COMPUTER CO -STRATEGIC ALLIANCE","3674","Japan","Completed/Signed","Strategic Alliance",NA,1019787045,"Japan","Asia"
"NTT ME Corp","7622","2000-07-05","","Communication Equipment Maintenance","Japan","NTT ME CORP/OKI ELECTRIC INDUSTRY CO LTD -STRATEGIC ALLIANCE","4812","Japan","Completed/Signed","Strategic Alliance",NA,1022366045,"Japan","Asia"
"Oki Electric Industry Co Ltd","3571","2000-07-05","","Mnf,whl info,telecommun sys","Japan","NTT ME CORP/OKI ELECTRIC INDUSTRY CO LTD -STRATEGIC ALLIANCE","4812","Japan","Completed/Signed","Strategic Alliance",NA,1022366045,"Japan","Asia"
"Sejoo CNC","7375","2000-08-01","","Pvd Internet phone svcs","South Korea","SEJOO CNC/LEGEND TELECOM CO-STRATEGIC ALLIANCE","4812","China","Completed/Signed","Strategic Alliance",NA,1032037045,"South Korea","Asia"
"Legend Telecom Co","3571","2000-08-01","","Mnfr computers","China","SEJOO CNC/LEGEND TELECOM CO-STRATEGIC ALLIANCE","4812","China","Completed/Signed","Strategic Alliance",NA,1032037045,"China","Asia"
"Data Stations","7375","2000-08-16","","Application Service Provider","Japan","DATA STATIONS/TOSHIBA ENGINEERING/SUN MICROSYSTEMS KK -STRATEGIC ALLIANCE","7373","Japan","Completed/Signed","Strategic Alliance",NA,1037478045,"Japan","Asia"
"Toshiba Engineering","8711","2000-08-16","","Engineering svc; build sewers","Japan","DATA STATIONS/TOSHIBA ENGINEERING/SUN MICROSYSTEMS KK -STRATEGIC ALLIANCE","7373","Japan","Completed/Signed","Strategic Alliance",NA,1037478045,"Japan","Asia"
"Sun Microsys KK(Sun Microsys)","3571","2000-08-16","","Mnfr computer work stations","Japan","DATA STATIONS/TOSHIBA ENGINEERING/SUN MICROSYSTEMS KK -STRATEGIC ALLIANCE","7373","Japan","Completed/Signed","Strategic Alliance",NA,1037478045,"Japan","Asia"
"Nippon Steel Corp","3312","2000-10-03","","Manufacture,whl steel products","Japan","NIPPON STEEL CORP/JAPAN TELECOM/HEWLETT-PACKARD JAPAN LTD -STRATEGIC~ALLIANCE","7375","Japan","Completed/Signed","Strategic Alliance",NA,1052227045,"Japan","Asia"
"Japan Telecom Co Ltd","4812","2000-10-03","","Pvd telecommunications svcs","Japan","NIPPON STEEL CORP/JAPAN TELECOM/HEWLETT-PACKARD JAPAN LTD -STRATEGIC~ALLIANCE","7375","Japan","Completed/Signed","Strategic Alliance",NA,1052227045,"Japan","Asia"
"Hewlett-Packard Japan Ltd","3571","2000-10-03","","Electronic Computer Manufacturing","Japan","NIPPON STEEL CORP/JAPAN TELECOM/HEWLETT-PACKARD JAPAN LTD -STRATEGIC~ALLIANCE","7375","Japan","Completed/Signed","Strategic Alliance",NA,1052227045,"Japan","Asia"
"NRI Data Services","7373","2000-10-03","","Develop network computing sys","Japan","NRI DATA SERVICES /DELL COMPUTER JAPAN /LINK MANAGE INC -STRATEGIC~ALLIANCE","7375","Japan","Completed/Signed","Strategic Alliance",NA,1052237045,"Japan","Asia"
"Dell Computer KK","3571","2000-10-03","","Mnfr, whl personal computers","Japan","NRI DATA SERVICES /DELL COMPUTER JAPAN /LINK MANAGE INC -STRATEGIC~ALLIANCE","7375","Japan","Completed/Signed","Strategic Alliance",NA,1052237045,"Japan","Asia"
"Linkmanage Inc","7375","2000-10-03","","Pvd ec,web related svcs","Japan","NRI DATA SERVICES /DELL COMPUTER JAPAN /LINK MANAGE INC -STRATEGIC~ALLIANCE","7375","Japan","Completed/Signed","Strategic Alliance",NA,1052237045,"Japan","Asia"
"CricketNext.com","3571","2000-10-23","","Multi-media co","India","CRICKETNEXT.COM/TRAVELJINI.COM PVT LTD-STRATEGIC ALLIANCE","4724","India","Completed/Signed","Strategic Alliance",NA,1058650045,"India","Asia"
"Traveljini.com Pvt Ltd","7375","2000-10-23","","Pvd on-line travel info svc","India","CRICKETNEXT.COM/TRAVELJINI.COM PVT LTD-STRATEGIC ALLIANCE","4724","India","Completed/Signed","Strategic Alliance",NA,1058650045,"India","Asia"
"Tom.com International Ltd","7375","2000-11-10","","Pvd info retrieval svcs","Hong Kong","TOM.COM INTERNATIONAL/GREAT WALL TECHNOLOGY CO LTD-SA","7375","China","Completed/Signed","Strategic Alliance",NA,1064549045,"Hong Kong","Asia"
"Great Wall Technology Co Ltd","3571","2000-11-10","","Mnfr,whl computer prod","China","TOM.COM INTERNATIONAL/GREAT WALL TECHNOLOGY CO LTD-SA","7375","China","Completed/Signed","Strategic Alliance",NA,1064549045,"China","Asia"
"China Hewlett-Packard Co Ltd","3571","2000-11-23","","Mnfr computers,testing equip","China","CHINA HEWLETT-PACKARD CO LTD/ASIAN COMMERCE ON-LINE-STRATEGIC ALLIANCE","7375","China","Completed/Signed","Strategic Alliance",NA,1067820045,"China","Asia"
"Asian Commerce On-Line","7375","2000-11-23","","Pvd e-commerce svcs","China","CHINA HEWLETT-PACKARD CO LTD/ASIAN COMMERCE ON-LINE-STRATEGIC ALLIANCE","7375","China","Completed/Signed","Strategic Alliance",NA,1067820045,"China","Asia"
"Chinese Domain Name Corp Ltd","7375","2000-12-05","","Pvd domain registration svcs","Hong Kong","CHINESE DOMAIN NAME/ACER COMPUTER(FAR EAST)-STRATEGIC ALLIANCE","5045","Hong Kong","Completed/Signed","Strategic Alliance",NA,1071882045,"Hong Kong","Asia"
"Acer Computer(Far East)Ltd","3571","2000-12-05","","Mnfr personal computers","Hong Kong","CHINESE DOMAIN NAME/ACER COMPUTER(FAR EAST)-STRATEGIC ALLIANCE","5045","Hong Kong","Completed/Signed","Strategic Alliance",NA,1071882045,"Hong Kong","Asia"
"AsiaOne(SG Press Hldgs)","3571","2000-12-12","","Multi-media company","Singapore","SPH ASIAONE LTD/AUTOSPEED-STRATEGIC ALLIANCE","7375","Singapore","Completed/Signed","Strategic Alliance",NA,1073788045,"Singapore","Asia"
"AutoSpeed","7375","2000-12-12","","Pvd on-line magazine svcs","Australia","SPH ASIAONE LTD/AUTOSPEED-STRATEGIC ALLIANCE","7375","Singapore","Completed/Signed","Strategic Alliance",NA,1073788045,"Australia","Oceania"
"China Hewlett-Packard Co Ltd","3571","2001-01-12","","Mnfr computers,testing equip","China","CHINA HEWLETT-PACKARD CO LTD/ASPIRE HOLDINGS LTD-STRATEGIC ALLIANCE","4812","China","Completed/Signed","Strategic Alliance",NA,1082306045,"China","Asia"
"Aspire Holdings Ltd","7373","2001-01-12","","Pvd systems integration svcs","Hong Kong","CHINA HEWLETT-PACKARD CO LTD/ASPIRE HOLDINGS LTD-STRATEGIC ALLIANCE","4812","China","Completed/Signed","Strategic Alliance",NA,1082306045,"Hong Kong","Asia"
"Sun Microsystems (Thailand)","3571","2001-02-07","","Mnfr computer workstation","Thailand","SUN MICROSYSTEMS (THAILAND)/ETHNIC EARTH-STRATEGIC ALLIANCE","7375","Thailand","Completed/Signed","Strategic Alliance",NA,1090607045,"Thailand","Asia"
"Ethnic Earth.com Holding Co","7372","2001-02-07","","Dvlp Internet software","Thailand","SUN MICROSYSTEMS (THAILAND)/ETHNIC EARTH-STRATEGIC ALLIANCE","7375","Thailand","Completed/Signed","Strategic Alliance",NA,1090607045,"Thailand","Asia"
"Oki Electric Industry Co Ltd","3571","2001-04-06","","Mnf,whl info,telecommun sys","Japan","OKI ELECTRIC INDUSTRY CO LTD/TAKENAKA CORP-STRATEGIC ALLIANCE","3829","Japan","Completed/Signed","Strategic Alliance",NA,1172454045,"Japan","Asia"
"Takenaka Corp","1522","2001-04-06","","Constr co","Japan","OKI ELECTRIC INDUSTRY CO LTD/TAKENAKA CORP-STRATEGIC ALLIANCE","3829","Japan","Completed/Signed","Strategic Alliance",NA,1172454045,"Japan","Asia"
"SeeBeyond Technology Corp","7373","2001-04-30","","Pvd e-bus integration svcs","United States","SEEBEYOND TECHNOLOGY CORP/HEWLETT-PACKARD JAPAN LTD-STRATEGIC ALLIANCE","7372","Supranational","Completed/Signed","Strategic Alliance",NA,1179801045,"United States","Americas"
"Hewlett-Packard Japan Ltd","3571","2001-04-30","","Electronic Computer Manufacturing","Japan","SEEBEYOND TECHNOLOGY CORP/HEWLETT-PACKARD JAPAN LTD-STRATEGIC ALLIANCE","7372","Supranational","Completed/Signed","Strategic Alliance",NA,1179801045,"Japan","Asia"
"Hewlett-Packard Japan Ltd","3571","2001-05-04","","Electronic Computer Manufacturing","Japan","HEWLETT-PACKARD JAPAN LTD/J-PHONE COMMUNICATIONS CO LTD/JCB CO~LTD-STRATEGIC ALLIANCE","7375","Japan","Completed/Signed","Strategic Alliance",NA,1180872045,"Japan","Asia"
"J-Phone Communications","4813","2001-05-04","","Pvd telecommunications svcs","Japan","HEWLETT-PACKARD JAPAN LTD/J-PHONE COMMUNICATIONS CO LTD/JCB CO~LTD-STRATEGIC ALLIANCE","7375","Japan","Completed/Signed","Strategic Alliance",NA,1180872045,"Japan","Asia"
"JCB Co Ltd","6141","2001-05-04","","Pvd credit card svcs","Japan","HEWLETT-PACKARD JAPAN LTD/J-PHONE COMMUNICATIONS CO LTD/JCB CO~LTD-STRATEGIC ALLIANCE","7375","Japan","Completed/Signed","Strategic Alliance",NA,1180872045,"Japan","Asia"
"Starcom Solusindo PT","3571","2001-05-30","","Multi-media company","Indonesia","STARCOM SOLUSINDO PT/TEXASCOM HITEK SYSTEM PT-STRATEGIC ALLIANCE","7373","Indonesia","Completed/Signed","Strategic Alliance",NA,1189349045,"Indonesia","Asia"
"Texascom Hitek System PT","5045","2001-05-30","","Whl data,telecom solution","Indonesia","STARCOM SOLUSINDO PT/TEXASCOM HITEK SYSTEM PT-STRATEGIC ALLIANCE","7373","Indonesia","Completed/Signed","Strategic Alliance",NA,1189349045,"Indonesia","Asia"
"BioProspect Ltd","2836","2001-06-20","","Biotechnology company","Australia","BIOPROSPECT LTD/CEYCOM TELEMEDICINE-STRATEGIC ALLIANCE","8221","Sri Lanka","Completed/Signed","Strategic Alliance",NA,1195610045,"Australia","Oceania"
"Ceycom Telemedicine Ltd","3571","2001-06-20","","Pvd educ multi-media svcs","Sri Lanka","BIOPROSPECT LTD/CEYCOM TELEMEDICINE-STRATEGIC ALLIANCE","8221","Sri Lanka","Completed/Signed","Strategic Alliance",NA,1195610045,"Sri Lanka","Asia"
"Ashok Leyland Ltd","3711","2001-06-27","","Mnfr motor vehicles,parts","India","ASHOK LEYLAND/COMPAQ COMPUTER (INDIA) PVT-STRATEGIC ALLIANCE","1731","India","Completed/Signed","Strategic Alliance",NA,1197406045,"India","Asia"
"Compaq Computer (India) Pvt","3571","2001-06-27","","Mnfg computers and","India","ASHOK LEYLAND/COMPAQ COMPUTER (INDIA) PVT-STRATEGIC ALLIANCE","1731","India","Completed/Signed","Strategic Alliance",NA,1197406045,"India","Asia"
"Legend Holdings Ltd","3571","2001-07-10","","Mnfr,whl computer prod","Hong Kong","LEGEND GROUP HOLDINGS CO/HANNSTAR DISPLAY CORP./CHUNG HWA PICTURE TUBES~LTD/4 OTHS-SA","5199","China","Completed/Signed","Strategic Alliance",NA,1200596045,"Hong Kong","Asia"
"HannStar Display Corp","3679","2001-07-10","","Mnfr liquid crystal displays","Taiwan","LEGEND GROUP HOLDINGS CO/HANNSTAR DISPLAY CORP./CHUNG HWA PICTURE TUBES~LTD/4 OTHS-SA","5199","China","Completed/Signed","Strategic Alliance",NA,1200596045,"Taiwan","Asia"
"Chunghwa Picture Tubes Ltd","3679","2001-07-10","","Manufacture semiconductors","Taiwan","LEGEND GROUP HOLDINGS CO/HANNSTAR DISPLAY CORP./CHUNG HWA PICTURE TUBES~LTD/4 OTHS-SA","5199","China","Completed/Signed","Strategic Alliance",NA,1200596045,"Taiwan","Asia"
"LG Philips LCD","3679","2001-07-10","","Mnfr LCD","South Korea","LEGEND GROUP HOLDINGS CO/HANNSTAR DISPLAY CORP./CHUNG HWA PICTURE TUBES~LTD/4 OTHS-SA","5199","China","Completed/Signed","Strategic Alliance",NA,1200596045,"South Korea","Asia"
"AOC LLC","2821","2001-07-10","","Mnfr resins and plastics","United States","LEGEND GROUP HOLDINGS CO/HANNSTAR DISPLAY CORP./CHUNG HWA PICTURE TUBES~LTD/4 OTHS-SA","5199","China","Completed/Signed","Strategic Alliance",NA,1200596045,"United States","Americas"
"Proview International Holdings","3577","2001-07-10","","Mnfr,whl computer monitors","Hong Kong","LEGEND GROUP HOLDINGS CO/HANNSTAR DISPLAY CORP./CHUNG HWA PICTURE TUBES~LTD/4 OTHS-SA","5199","China","Completed/Signed","Strategic Alliance",NA,1200596045,"Hong Kong","Asia"
"Koninklijke Philips Elect","3651","2001-07-10","","Manufacture, wholesale electronic products","Netherlands","LEGEND GROUP HOLDINGS CO/HANNSTAR DISPLAY CORP./CHUNG HWA PICTURE TUBES~LTD/4 OTHS-SA","5199","China","Completed/Signed","Strategic Alliance",NA,1200596045,"Netherlands","Europe"
"Australian Defense Force","9711","2001-07-16","","National defense agency","Australia","AUSTRALIAN DEFENSE FORCE/ACER INC-STRATEGIC ALLIANCE","5045","Australia","Completed/Signed","Strategic Alliance",NA,1202090045,"Australia","Oceania"
"Acer Inc","3571","2001-07-16","","Mnfr,whl computer prod","Taiwan","AUSTRALIAN DEFENSE FORCE/ACER INC-STRATEGIC ALLIANCE","5045","Australia","Completed/Signed","Strategic Alliance",NA,1202090045,"Taiwan","Asia"
"Legend Holdings Ltd","7372","2001-08-09","","Pvd info tech svcs","China","LEGEND HOLDINGS/SIEMENS AG-STRATEGIC ALLIANCE","4812","China","Completed/Signed","Strategic Alliance",NA,1209508045,"China","Asia"
"Siemens AG","3663","2001-08-09","","Manufactures and wholesales telecommunications equipment","Germany","LEGEND HOLDINGS/SIEMENS AG-STRATEGIC ALLIANCE","4812","China","Completed/Signed","Strategic Alliance",NA,1209508045,"Germany","Europe"
"Siemens AG","3663","2001-09-17","","Manufactures and wholesales telecommunications equipment","Germany","SIEMENS AG/LEGEND COMPUTER GROUP-STRATEGIC ALLIANCE","4813","China","Completed/Signed","Strategic Alliance",NA,1221387045,"Germany","Europe"
"Legend Computer Group","3571","2001-09-17","","Mnfr,whl  computers","China","SIEMENS AG/LEGEND COMPUTER GROUP-STRATEGIC ALLIANCE","4813","China","Completed/Signed","Strategic Alliance",NA,1221387045,"China","Asia"
"Dingtian Science & Tech Inc","3571","2001-10-30","","Multi-media company","China","DINGTIAN TECHNOLOGIES /PACKETVIDEO CORP - STRATEGIC ALLIANCE","3663","China","Completed/Signed","Strategic Alliance",NA,1235443045,"China","Asia"
"PacketVideo Corp","7373","2001-10-30","","Dvlp video,audio software","United States","DINGTIAN TECHNOLOGIES /PACKETVIDEO CORP - STRATEGIC ALLIANCE","3663","China","Completed/Signed","Strategic Alliance",NA,1235443045,"United States","Americas"
"IBM Corp","3571","2001-11-06","","Manufacture computer products","United States","INTL BUSINESS MACHINES CORP/LEGEND HOLDINGS LTD-STRATEGIC ALLIANCE","7373","China","Completed/Signed","Strategic Alliance",NA,1235617045,"United States","Americas"
"Legend Group Ltd","3571","2001-11-06","","Mnfr,whl computer prod","Hong Kong","INTL BUSINESS MACHINES CORP/LEGEND HOLDINGS LTD-STRATEGIC ALLIANCE","7373","China","Completed/Signed","Strategic Alliance",NA,1235617045,"Hong Kong","Asia"
"Oki Electric Industry Co Ltd","3571","2001-11-29","","Mnf,whl info,telecommun sys","Japan","OKI ELECTRIC INDUSTRY CO LTD/VIGNETTE CORP-STRATEGIC ALLIANCE","7375","Japan","Completed/Signed","Strategic Alliance",NA,1246931045,"Japan","Asia"
"Vignette Corp","7372","2001-11-29","","Dvlp Internet mgmt software","United States","OKI ELECTRIC INDUSTRY CO LTD/VIGNETTE CORP-STRATEGIC ALLIANCE","7375","Japan","Completed/Signed","Strategic Alliance",NA,1246931045,"United States","Americas"
"Diamond Entertainment Corp","7819","2001-12-06","","Pvd film processing svcs","United States","DIAMOND ENTERTAINMENT CORP/WISEVALE TECH CO LTD-STRATEGIC ALLIANCE","6794","United States","Completed/Signed","Strategic Alliance",NA,1248244045,"United States","Americas"
"Wisevale Technology Co Ltd","3571","2001-12-06","","Mnfr personal computers","Taiwan","DIAMOND ENTERTAINMENT CORP/WISEVALE TECH CO LTD-STRATEGIC ALLIANCE","6794","United States","Completed/Signed","Strategic Alliance",NA,1248244045,"Taiwan","Asia"
"IBM Asia/Pacific(IBM Corp)","3571","2001-12-14","","Mnfr computers, peripherals","Hong Kong","IBM ASIA/PACIFIC/I-SECURITY SOLUTIONS-STRATEGIC ALLIANCE","7372","Hong Kong","Completed/Signed","Strategic Alliance",NA,1301485045,"Hong Kong","Asia"
"i-Security Solutions","7372","2001-12-14","","Dvlp software","Hong Kong","IBM ASIA/PACIFIC/I-SECURITY SOLUTIONS-STRATEGIC ALLIANCE","7372","Hong Kong","Completed/Signed","Strategic Alliance",NA,1301485045,"Hong Kong","Asia"
"Elitegroup Computer Systems","3571","2002-01-09","","Mnfr computer mainboards","Taiwan","ELITE GROUP COMPUTER SYSTEMS CO LTD/TREND MICRO INC-STRATEGIC ALLIANCE","6794","Supranational","Completed/Signed","Strategic Alliance",NA,1260381045,"Taiwan","Asia"
"Trend Micro Inc","7372","2002-01-09","","Dvlp Internet software","Japan","ELITE GROUP COMPUTER SYSTEMS CO LTD/TREND MICRO INC-STRATEGIC ALLIANCE","6794","Supranational","Completed/Signed","Strategic Alliance",NA,1260381045,"Japan","Asia"
"Quanta Computer Inc","3571","2002-01-24","","Mnfr electn computers","Taiwan","QUANTA COMPUTER INC/TAIWAN CELLULAR CORP-STRATEGIC ALLIANCE","4813","Taiwan","Completed/Signed","Strategic Alliance",NA,1265227045,"Taiwan","Asia"
"RPM Radar","7331","2002-01-24","","Pvd advg,mktg svcs","Turkey","QUANTA COMPUTER INC/TAIWAN CELLULAR CORP-STRATEGIC ALLIANCE","4813","Taiwan","Completed/Signed","Strategic Alliance",NA,1265227045,"Turkey","Asia"
"Taiwan Cellular Corp","4812","2002-01-24","","Pvd wireless telecom svcs","Taiwan","QUANTA COMPUTER INC/TAIWAN CELLULAR CORP-STRATEGIC ALLIANCE","4813","Taiwan","Completed/Signed","Strategic Alliance",NA,1265227045,"Taiwan","Asia"
"Brocade Commun Sys Inc","7372","2002-02-20","","Develop data commune software","United States","BROCADE COMMUNICATIONS SYSTEMS INC/HEWLETT-PACKARD-STRATEGIC ALLIANCE","7372","Hong Kong","Completed/Signed","Strategic Alliance",NA,1271893045,"United States","Americas"
"Hewlett-Packard-Hong Kong","3571","2002-02-20","","Mnfr computer,testing equip","Hong Kong","BROCADE COMMUNICATIONS SYSTEMS INC/HEWLETT-PACKARD-STRATEGIC ALLIANCE","7372","Hong Kong","Completed/Signed","Strategic Alliance",NA,1271893045,"Hong Kong","Asia"
"Han Intl Consulting Co Ltd","8748","2002-04-05","","Pvd mgmt,ITconsulting svcs","Hong Kong","HAN INTERNATIONAL CONSULTING CO LTD/LEGEND HOLDINGS LTD/ASIA LOGISTICS~TECHNOLOGIES LTD-STRATEGIC ALLIANCE","7371","China","Completed/Signed","Strategic Alliance",NA,1285638045,"Hong Kong","Asia"
"Legend Group Ltd","3571","2002-04-05","","Mnfr,whl computer prod","Hong Kong","HAN INTERNATIONAL CONSULTING CO LTD/LEGEND HOLDINGS LTD/ASIA LOGISTICS~TECHNOLOGIES LTD-STRATEGIC ALLIANCE","7371","China","Completed/Signed","Strategic Alliance",NA,1285638045,"Hong Kong","Asia"
"Asia Logistics Tech Ltd","4212","2002-04-05","","Pvd logistics svcs","Hong Kong","HAN INTERNATIONAL CONSULTING CO LTD/LEGEND HOLDINGS LTD/ASIA LOGISTICS~TECHNOLOGIES LTD-STRATEGIC ALLIANCE","7371","China","Completed/Signed","Strategic Alliance",NA,1285638045,"Hong Kong","Asia"
"Oki Electric Industry Co Ltd","3571","2002-05-28","","Mnf,whl info,telecommun sys","Japan","OKI ELECTRIC INDUSTRY CO LTD/TAHOE NETWORKS INC-STRATEGIC ALLIANCE","4899","Supranational","Completed/Signed","Strategic Alliance",NA,1298453045,"Japan","Asia"
"Tahoe Networks Inc","4899","2002-05-28","","Pvd commun svcs","United States","OKI ELECTRIC INDUSTRY CO LTD/TAHOE NETWORKS INC-STRATEGIC ALLIANCE","4899","Supranational","Completed/Signed","Strategic Alliance",NA,1298453045,"United States","Americas"
"Cheil Communications Inc","7372","2002-07-01","","Pvd mktg svcs","South Korea","CHEIL COMMUNICATIONS INC/VASUNAS-STRATEGIC ALLIANCE","4812","Supranational","Completed/Signed","Strategic Alliance",NA,1308826045,"South Korea","Asia"
"Vasunas Pte Ltd","3571","2002-07-01","","Multi-media company","Singapore","CHEIL COMMUNICATIONS INC/VASUNAS-STRATEGIC ALLIANCE","4812","Supranational","Completed/Signed","Strategic Alliance",NA,1308826045,"Singapore","Asia"
"Brocade Commun Sys Inc","7372","2002-07-05","","Develop data commune software","United States","BROCADE COMMUNICATIONS SYSTEMS INC/LEGEND GROUP HOLDINGS LTD-STRATEGIC~ALLIANCE","7372","China","Completed/Signed","Strategic Alliance",NA,1309639045,"United States","Americas"
"Legend Group Ltd","3571","2002-07-05","","Mnfr,whl computer prod","Hong Kong","BROCADE COMMUNICATIONS SYSTEMS INC/LEGEND GROUP HOLDINGS LTD-STRATEGIC~ALLIANCE","7372","China","Completed/Signed","Strategic Alliance",NA,1309639045,"Hong Kong","Asia"
"EFI","3577","2002-07-16","","Manufactures and wholesales digital printers","United States","ELECTRONICS FOR IMAGING INC/LEGEND GROUP HOLDINGS LTD - STRATEGIC ALLIANCE","3575","China","Completed/Signed","Strategic Alliance",NA,1316726045,"United States","Americas"
"Legend Group Ltd","3571","2002-07-16","","Mnfr,whl computer prod","Hong Kong","ELECTRONICS FOR IMAGING INC/LEGEND GROUP HOLDINGS LTD - STRATEGIC ALLIANCE","3575","China","Completed/Signed","Strategic Alliance",NA,1316726045,"Hong Kong","Asia"
"Oki Electric Industry Co Ltd","3571","2002-08-07","","Mnf,whl info,telecommun sys","Japan","OKI ELECTRIC INDUSTRY CO LTD/AUDIOCODES LTD-STRATEGIC ALLIANCE","7372","Japan","Completed/Signed","Strategic Alliance",NA,1317824045,"Japan","Asia"
"AudioCodes Ltd","3679","2002-08-07","","Manufacture,wholesale electronic components","Israel","OKI ELECTRIC INDUSTRY CO LTD/AUDIOCODES LTD-STRATEGIC ALLIANCE","7372","Japan","Completed/Signed","Strategic Alliance",NA,1317824045,"Israel","Asia"
"Legend Group Ltd","3571","2002-08-09","","Mnfr,whl computer prod","Hong Kong","LEGEND HOLDINGS LTD/INTEL CORP/CHINA NETCOM CORP-STRATEGIC ALLIANCE","8742","China","Completed/Signed","Strategic Alliance",NA,1318579045,"Hong Kong","Asia"
"Intel Corp","3674","2002-08-09","","Manufacture,wholesale semiconductors","United States","LEGEND HOLDINGS LTD/INTEL CORP/CHINA NETCOM CORP-STRATEGIC ALLIANCE","8742","China","Completed/Signed","Strategic Alliance",NA,1318579045,"United States","Americas"
"China Netcom Corp Ltd","4812","2002-08-09","","Pvd telecommunications svcs","China","LEGEND HOLDINGS LTD/INTEL CORP/CHINA NETCOM CORP-STRATEGIC ALLIANCE","8742","China","Completed/Signed","Strategic Alliance",NA,1318579045,"China","Asia"
"First Intl Computer Inc","3571","2002-08-14","","Mnfr,whl personal computers","Taiwan","FIRST INTERNATIONAL COMPUTER INC/LEGEND COMPUTER GROUP-STRATEGIC ALLIANCE","3571","Taiwan","Completed/Signed","Strategic Alliance",NA,1319723045,"Taiwan","Asia"
"Legend Computer Group","3571","2002-08-14","","Mnfr,whl  computers","China","FIRST INTERNATIONAL COMPUTER INC/LEGEND COMPUTER GROUP-STRATEGIC ALLIANCE","3571","Taiwan","Completed/Signed","Strategic Alliance",NA,1319723045,"China","Asia"
"Shenyang Neusoft Co Ltd","7372","2002-12-05","","Dvlp software","China","SHENYANG NEUSOFT CO LTD/LEGEND GROUP LTD-STRATEGIC ALLIANCE","7372","China","Completed/Signed","Strategic Alliance",NA,1349986045,"China","Asia"
"Legend Group Ltd","3571","2002-12-05","","Mnfr,whl computer prod","Hong Kong","SHENYANG NEUSOFT CO LTD/LEGEND GROUP LTD-STRATEGIC ALLIANCE","7372","China","Completed/Signed","Strategic Alliance",NA,1349986045,"Hong Kong","Asia"
"Superscape Group PLC","7372","2003-03-05","","Dvlp 2D,3D mobile games","United Kingdom","SUPERSCAPE PLC/DISCO CORP/WIREBEE INC-STRATEGIC ALLIANCE","5045","Japan","Completed/Signed","Strategic Alliance",NA,1375186045,"United Kingdom","Europe"
"Disco Corp","3545","2003-03-05","","Mnfr precision cutting machine","Japan","SUPERSCAPE PLC/DISCO CORP/WIREBEE INC-STRATEGIC ALLIANCE","5045","Japan","Completed/Signed","Strategic Alliance",NA,1375186045,"Japan","Asia"
"Wirebee Inc","3571","2003-03-05","","Dvlp media sys and software","Japan","SUPERSCAPE PLC/DISCO CORP/WIREBEE INC-STRATEGIC ALLIANCE","5045","Japan","Completed/Signed","Strategic Alliance",NA,1375186045,"Japan","Asia"
"Hantro Products Oy","3663","2003-06-16","","Pvd video tech","Finland","HANTRO PRODUCTS OY/QUANTA COMPUTER INC-STRATEGIC ALLIANCE","6794","Supranational","Completed/Signed","Strategic Alliance",NA,1406069045,"Finland","Europe"
"Quanta Computer Inc","3571","2003-06-16","","Mnfr electn computers","Taiwan","HANTRO PRODUCTS OY/QUANTA COMPUTER INC-STRATEGIC ALLIANCE","6794","Supranational","Completed/Signed","Strategic Alliance",NA,1406069045,"Taiwan","Asia"
"RPM Radar","7331","2003-06-16","","Pvd advg,mktg svcs","Turkey","HANTRO PRODUCTS OY/QUANTA COMPUTER INC-STRATEGIC ALLIANCE","6794","Supranational","Completed/Signed","Strategic Alliance",NA,1406069045,"Turkey","Asia"
"Pinax Group Inc","3571","2003-06-23","","Mnfr handheld computers","United States","PINAX GROUP INC/WISTRON CORP-STRATEGIC ALLIANCE","6794","United States","Completed/Signed","Strategic Alliance",NA,1407536045,"United States","Americas"
"Wistron Corp","3571","2003-06-23","","Mnfr computer;dvlp software","Taiwan","PINAX GROUP INC/WISTRON CORP-STRATEGIC ALLIANCE","6794","United States","Completed/Signed","Strategic Alliance",NA,1407536045,"Taiwan","Asia"
"TriGem Computer Inc","3571","2003-08-06","","Mnfr computers,peripherals","South Korea","TRIGEM COMPUTER INC/HANDAN BROADINFOCOM CO LTD-STRATEGIC ALLIANCE","3577","South Korea","Completed/Signed","Strategic Alliance",NA,1421912045,"South Korea","Asia"
"Handan BroadInfoCom Co Ltd","3663","2003-08-06","","Mnfr set-top boxes","South Korea","TRIGEM COMPUTER INC/HANDAN BROADINFOCOM CO LTD-STRATEGIC ALLIANCE","3577","South Korea","Completed/Signed","Strategic Alliance",NA,1421912045,"South Korea","Asia"
"Micro Linear Corp","3674","2003-10-27","","Mnfr integrated circuits","United States","MICRO LINEAR CORP/OKI ELECTRIC INDUSTRY CO LTD-STRATEGIC ALLIANCE","7372","Supranational","Completed/Signed","Strategic Alliance",NA,1449671045,"United States","Americas"
"Oki Electric Industry Co Ltd","3571","2003-10-27","","Mnf,whl info,telecommun sys","Japan","MICRO LINEAR CORP/OKI ELECTRIC INDUSTRY CO LTD-STRATEGIC ALLIANCE","7372","Supranational","Completed/Signed","Strategic Alliance",NA,1449671045,"Japan","Asia"
"China Wireless Communications","4812","2003-12-03","","Pvd wireless telecom svcs","United States","CHINA WIRELESS COMMUNICATIONS INC/BEIJING TELEVISION INTERWAY~COMMUN-STRATEGIC ALLIANCE","8742","Supranational","Completed/Signed","Strategic Alliance",NA,1456009045,"United States","Americas"
"Beijing TV Interway Commun","3571","2003-12-03","","Multi-media company","China","CHINA WIRELESS COMMUNICATIONS INC/BEIJING TELEVISION INTERWAY~COMMUN-STRATEGIC ALLIANCE","8742","Supranational","Completed/Signed","Strategic Alliance",NA,1456009045,"China","Asia"
"Tessera Technologies Inc","3674","2004-01-26","","Mnfr semiconductor","United States","TESSERA TECHNOLOGIES INC/OKI ELECTRIC INDUSTRY CO LTD-STRATEGIC ALLIANCE","6794","Supranational","Completed/Signed","Strategic Alliance",NA,1470196045,"United States","Americas"
"Oki Electric Industry Co Ltd","3571","2004-01-26","","Mnf,whl info,telecommun sys","Japan","TESSERA TECHNOLOGIES INC/OKI ELECTRIC INDUSTRY CO LTD-STRATEGIC ALLIANCE","6794","Supranational","Completed/Signed","Strategic Alliance",NA,1470196045,"Japan","Asia"
"ECS Technology(China)Ltd","6799","2004-04-15","","Investment company","China","ECS TECHNOLOGY(CHINA)LTD/TOSHIBA COMPUTER SYSTEMS (SHANGHAI) CO-STRATEGIC~ALLIANCE","5045","China","Completed/Signed","Strategic Alliance",NA,1520336045,"China","Asia"
"Toshiba Computer Systems","3571","2004-04-15","","Mnfr computers","China","ECS TECHNOLOGY(CHINA)LTD/TOSHIBA COMPUTER SYSTEMS (SHANGHAI) CO-STRATEGIC~ALLIANCE","5045","China","Completed/Signed","Strategic Alliance",NA,1520336045,"China","Asia"
"Hitachi Data Systems Corp","7376","2004-06-16","","Pvd information tech svcs","United States","HITACHI DATA SYSTEMS CORP/LENOVOTO-STRATEGIC ALLIANCE","8742","China","Completed/Signed","Strategic Alliance",NA,1580837045,"United States","Americas"
"Lenovoto","3571","2004-06-16","","Mnfr computers","China","HITACHI DATA SYSTEMS CORP/LENOVOTO-STRATEGIC ALLIANCE","8742","China","Completed/Signed","Strategic Alliance",NA,1580837045,"China","Asia"
"Hitachi Data Systems Corp","7376","2004-06-16","","Pvd information tech svcs","United States","HITACHI DATA SYSTEMS CORP/ACER INC-STRATEGIC ALLIANCE","5045","Australia~India~Malaysia~New Zealand~Singapore~Taiwan~Thailand","Completed/Signed","Strategic Alliance",NA,1583179045,"United States","Americas"
"Acer Inc","3577","2004-06-16","","Mnfr,whl computer,mobile phone","Taiwan","HITACHI DATA SYSTEMS CORP/ACER INC-STRATEGIC ALLIANCE","5045","Australia~India~Malaysia~New Zealand~Singapore~Taiwan~Thailand","Completed/Signed","Strategic Alliance",NA,1583179045,"Taiwan","Asia"
"Byte Power(HK)Ltd","3571","2004-07-12","","Mnfr,whl info tech prod","Hong Kong","BYTE POWER(HK)LTD/IFCA MSC BHD-STRATEGIC ALLIANCE","5045","Hong Kong~Macau~China","Completed/Signed","Strategic Alliance",NA,1586282045,"Hong Kong","Asia"
"IFCA MSC Bhd","7372","2004-07-12","","Develop prepackaged software","Malaysia","BYTE POWER(HK)LTD/IFCA MSC BHD-STRATEGIC ALLIANCE","5045","Hong Kong~Macau~China","Completed/Signed","Strategic Alliance",NA,1586282045,"Malaysia","Asia"
"Silicon Graphics Sys(India)","3571","2004-07-20","","Mnfr computers","India","SILICON GRAPHICS INDIA/PCS INDUSTRIES LTD-STRATEGIC ALLIANCE","8742","India","Completed/Signed","Strategic Alliance",NA,1587852045,"India","Asia"
"PCS Industries Ltd","3571","2004-07-20","","Mnfr computers","India","SILICON GRAPHICS INDIA/PCS INDUSTRIES LTD-STRATEGIC ALLIANCE","8742","India","Completed/Signed","Strategic Alliance",NA,1587852045,"India","Asia"
"Linktone Ltd","7389","2004-07-21","","Dvlp wireless content software","China","LINKTONE LTD/VASUNAS PTE LTD-STRATEGIC ALLIANCE","4812","China","Completed/Signed","Strategic Alliance",NA,1588771045,"China","Asia"
"Vasunas Pte Ltd","3571","2004-07-21","","Multi-media company","Singapore","LINKTONE LTD/VASUNAS PTE LTD-STRATEGIC ALLIANCE","4812","China","Completed/Signed","Strategic Alliance",NA,1588771045,"Singapore","Asia"
"Silicon Graphics Sys(India)","3571","2004-08-04","","Mnfr computers","India","SILICON GRAPHICS SYSTEMS(INDIA)PVT LTD/APARA ENTERPRISE SOLUTIONS-STRATEGIC~ALLIANCE","8742","India","Completed/Signed","Strategic Alliance",NA,1592138045,"India","Asia"
"Apara Enterprise Solutions (P)","7372","2004-08-04","","Dvlp entrp storage software","India","SILICON GRAPHICS SYSTEMS(INDIA)PVT LTD/APARA ENTERPRISE SOLUTIONS-STRATEGIC~ALLIANCE","8742","India","Completed/Signed","Strategic Alliance",NA,1592138045,"India","Asia"
"Artificial Life Inc","7372","2004-11-22","","Develop Internet software","Hong Kong","ARTIFICIAL LIFE INC/SUN MICROSYSTEMS PTE LTD-STRATEGIC ALLIANCE","8742","Supranational","Completed/Signed","Strategic Alliance",NA,1619207045,"Hong Kong","Asia"
"Sun Microsystems Pte Ltd","3571","2004-11-22","","Mnfr,whl computers","Singapore","ARTIFICIAL LIFE INC/SUN MICROSYSTEMS PTE LTD-STRATEGIC ALLIANCE","8742","Supranational","Completed/Signed","Strategic Alliance",NA,1619207045,"Singapore","Asia"
"Shenzhen Yihua Computer Co Ltd","7373","2005-07-19","","Pvd computer integrated svcs","China","SHENZHEN YIHUA COMPUTER CO LTD/OKI ELECTRIC INDUSTRY CO LTD-STRATEGIC~ALLIANCE","3579","China","Completed/Signed","Strategic Alliance",NA,1709650045,"China","Asia"
"Oki Electric Industry Co Ltd","3571","2005-07-19","","Mnf,whl info,telecommun sys","Japan","SHENZHEN YIHUA COMPUTER CO LTD/OKI ELECTRIC INDUSTRY CO LTD-STRATEGIC~ALLIANCE","3579","China","Completed/Signed","Strategic Alliance",NA,1709650045,"Japan","Asia"
"World Micro Components Inc","5045","2005-08-17","","Whl elec prod","United States","WORLD MICRO COMPONENTS INC/ADVANTECH CO LTD-STRATEGIC ALLIANCE","5045","Supranational","Completed/Signed","Strategic Alliance",NA,1687207045,"United States","Americas"
"Advantech Co Ltd","3571","2005-08-17","","Manufacture,wholesale industrial computers","Taiwan","WORLD MICRO COMPONENTS INC/ADVANTECH CO LTD-STRATEGIC ALLIANCE","5045","Supranational","Completed/Signed","Strategic Alliance",NA,1687207045,"Taiwan","Asia"
"Office Depot Inc","5943","2005-11-03","","Retail,whl office supplies","United States","OFFICE DEPOT INC/LENOVO GROUP LTD-STRATEGIC ALLIANCE","5045","United States","Completed/Signed","Strategic Alliance",NA,1709369045,"United States","Americas"
"Lenovo Group Ltd","3571","2005-11-03","","Mnfr,wholesale computer prod","Hong Kong","OFFICE DEPOT INC/LENOVO GROUP LTD-STRATEGIC ALLIANCE","5045","United States","Completed/Signed","Strategic Alliance",NA,1709369045,"Hong Kong","Asia"
"American Airlines Inc","4512","2006-02-01","","Passenger airline","United States","AMERICAN AIRLINES INC/LENOVO GROUP LTD(NOW 526250)-STRATEGIC ALLIANCE","7376","Supranational","Completed/Signed","Strategic Alliance",NA,1731838045,"United States","Americas"
"Lenovo Group Ltd","3571","2006-02-01","","Mnfr,wholesale computer prod","Hong Kong","AMERICAN AIRLINES INC/LENOVO GROUP LTD(NOW 526250)-STRATEGIC ALLIANCE","7376","Supranational","Completed/Signed","Strategic Alliance",NA,1731838045,"Hong Kong","Asia"
"FalconStor Software Inc","7372","2006-03-07","","Dvlp Internet software","United States","FALCONSTOR SOFTWARE INC/MITAC INTERNATIONAL CORP-STRATEGIC ALLIANCE","7373","Supranational","Completed/Signed","Strategic Alliance",NA,1740823045,"United States","Americas"
"MiTAC International Corp","3571","2006-03-07","","Mnfr,whl computer,peripherals","Taiwan","FALCONSTOR SOFTWARE INC/MITAC INTERNATIONAL CORP-STRATEGIC ALLIANCE","7373","Supranational","Completed/Signed","Strategic Alliance",NA,1740823045,"Taiwan","Asia"
"Lenovo Group Ltd","3571","2006-03-21","","Mnfr,wholesale computer prod","Hong Kong","LENOVO GROUP LTD/COCA-COLA CO-STRATEGIC ALLIANCE","8742","China","Completed/Signed","Strategic Alliance",NA,1746024045,"Hong Kong","Asia"
"Coca-Cola Co","2086","2006-03-21","","Soft Drink Manufacturing","United States","LENOVO GROUP LTD/COCA-COLA CO-STRATEGIC ALLIANCE","8742","China","Completed/Signed","Strategic Alliance",NA,1746024045,"United States","Americas"
"Founder Tech Grp Corp Co Ltd","3571","2006-04-12","","Mnfr,whl computers,parts","China","FOUNDER TECHNOLOGY GROUP CORP(DNU)/MICROSOFT CORP-STRATEGIC ALLIANCE","8742","China","Completed/Signed","Strategic Alliance",NA,1752655045,"China","Asia"
"Microsoft Corp","7372","2006-04-12","","Develops and wholesales computer software products","United States","FOUNDER TECHNOLOGY GROUP CORP(DNU)/MICROSOFT CORP-STRATEGIC ALLIANCE","8742","China","Completed/Signed","Strategic Alliance",NA,1752655045,"United States","Americas"
"Sun Media Invest Hldgs Ltd","3571","2006-04-21","","Multi-media co","Hong Kong","SUN MEDIA INVESTMENT HOLDINGS LTD/LUXE TV-STRATEGIC ALLIANCE","7375","China","Completed/Signed","Strategic Alliance",NA,1754450045,"Hong Kong","Asia"
"Luxe TV","4833","2006-04-21","","Own,op television stations","United Kingdom","SUN MEDIA INVESTMENT HOLDINGS LTD/LUXE TV-STRATEGIC ALLIANCE","7375","China","Completed/Signed","Strategic Alliance",NA,1754450045,"United Kingdom","Europe"
"Lenovo Group Ltd","3571","2006-10-30","","Mnfr,wholesale computer prod","Hong Kong","LENOVO GROUP LTD/RARITAN COMPUTER INC-STRATEGIC ALLIANCE","7372","United States","Completed/Signed","Strategic Alliance",NA,1806988045,"Hong Kong","Asia"
"Raritan Americas Inc","3613","2006-10-30","","Mnfr power mgmt equip","United States","LENOVO GROUP LTD/RARITAN COMPUTER INC-STRATEGIC ALLIANCE","7372","United States","Completed/Signed","Strategic Alliance",NA,1806988045,"United States","Americas"
"Oki Electric Industry Co Ltd","3571","2006-11-16","","Mnf,whl info,telecommun sys","Japan","OKI ELECTRIC INDUSTRY CO LTD/NAUTILUS HYOSUNG CO LTD-STRATEGIC ALLIANCE","3575","Supranational","Completed/Signed","Strategic Alliance",NA,1813932045,"Japan","Asia"
"Nautilus Hyosung Co Ltd","3575","2006-11-16","","Mnfr,whl ATM machs","South Korea","OKI ELECTRIC INDUSTRY CO LTD/NAUTILUS HYOSUNG CO LTD-STRATEGIC ALLIANCE","3575","Supranational","Completed/Signed","Strategic Alliance",NA,1813932045,"South Korea","Asia"
"Access Co Ltd","7372","2006-12-07","","Software Publishers","Japan","ACCESS CO LTD/OKI ELECTRIC INDUSTRY CO LTD-STRATEGIC ALLIANCE","7372","Japan","Completed/Signed","Strategic Alliance",NA,1819119045,"Japan","Asia"
"Oki Electric Industry Co Ltd","3571","2006-12-07","","Mnf,whl info,telecommun sys","Japan","ACCESS CO LTD/OKI ELECTRIC INDUSTRY CO LTD-STRATEGIC ALLIANCE","7372","Japan","Completed/Signed","Strategic Alliance",NA,1819119045,"Japan","Asia"
"Lenovo Group Ltd","3571","2007-03-06","","Mnfr,wholesale computer prod","Hong Kong","LENOVO GROUP LTD(WAS 52631R)/AVAYA INC-STRATEGIC ALLIANCE","7373","United States","Completed/Signed","Strategic Alliance",NA,1845906045,"Hong Kong","Asia"
"Avaya Inc","4813","2007-03-06","","Pvd Internet telephony svcs","United States","LENOVO GROUP LTD(WAS 52631R)/AVAYA INC-STRATEGIC ALLIANCE","7373","United States","Completed/Signed","Strategic Alliance",NA,1845906045,"United States","Americas"
"Microsoft Corp","7372","2007-03-13","","Develops and wholesales computer software products","United States","MICROSOFT CORP/LENOVO GROUP LTD-STRATEGIC ALLIANCE","7375","United States","Completed/Signed","Strategic Alliance",NA,1849071045,"United States","Americas"
"Lenovo Group Ltd","3571","2007-03-13","","Mnfr,wholesale computer prod","Hong Kong","MICROSOFT CORP/LENOVO GROUP LTD-STRATEGIC ALLIANCE","7375","United States","Completed/Signed","Strategic Alliance",NA,1849071045,"Hong Kong","Asia"
"Cipherlab Co Ltd","3571","2007-03-28","","Mnfr, design and market AIDC","Taiwan","CIPHERLAB CO LTD /MCL TECHNOLOGIES - STRATEGIC ALLIANCE","7373","Supranational","Completed/Signed","Strategic Alliance",NA,1854407045,"Taiwan","Asia"
"MCL Technologies","7373","2007-03-28","","Application Svcs Provider{ASP}","Belgium","CIPHERLAB CO LTD /MCL TECHNOLOGIES - STRATEGIC ALLIANCE","7373","Supranational","Completed/Signed","Strategic Alliance",NA,1854407045,"Belgium","Europe"
"Commun Intelligence Corp","7372","2007-04-24","","Develop biometric software","United States","COMMUNICATION INTELLIGENCE CORP/LENOVO GROUP LTD(WAS 52631R)-STRATEGIC~ALLIANCE","8742","United States","Completed/Signed","Strategic Alliance",NA,1861806045,"United States","Americas"
"Lenovo Group Ltd","3571","2007-04-24","","Mnfr,wholesale computer prod","Hong Kong","COMMUNICATION INTELLIGENCE CORP/LENOVO GROUP LTD(WAS 52631R)-STRATEGIC~ALLIANCE","8742","United States","Completed/Signed","Strategic Alliance",NA,1861806045,"Hong Kong","Asia"
"High Tech Computer Corp","3571","2008-01-22","","Mnfr computers,mobile tele","Taiwan","HIGH TECH COMPUTER CORP/PARROT SA-STRATEGIC ALLIANCE","8742","Supranational","Completed/Signed","Strategic Alliance",NA,1946605045,"Taiwan","Asia"
"Parrot SA","3669","2008-01-22","","Other Communications Equipment Manufacturing","France","HIGH TECH COMPUTER CORP/PARROT SA-STRATEGIC ALLIANCE","8742","Supranational","Completed/Signed","Strategic Alliance",NA,1946605045,"France","Europe"
"Oki Electric Industry Co Ltd","3571","2008-02-07","","Mnf,whl info,telecommun sys","Japan","OKI ELECTRIC INDUSTRY CO LTD/ALCATEL LUCENT SA-STRATEGIC ALLIANCE","8742","Supranational","Completed/Signed","Strategic Alliance",NA,1950979045,"Japan","Asia"
"Alcatel Lucent SA","3669","2008-02-07","","Manufacture communication equipment","France","OKI ELECTRIC INDUSTRY CO LTD/ALCATEL LUCENT SA-STRATEGIC ALLIANCE","8742","Supranational","Completed/Signed","Strategic Alliance",NA,1950979045,"France","Europe"
"Quanta Computer Inc","3571","2008-02-27","","Mnfr electn computers","Taiwan","QUANTA COMPUTER INC/CALL AMANGEMENT PRODUCTS INC-STRATEGIC ALLIANCE","5065","United States","Completed/Signed","Strategic Alliance",NA,1956151045,"Taiwan","Asia"
"Call Management Products Inc","5045","2008-02-27","","Whl telecom prods","United States","QUANTA COMPUTER INC/CALL AMANGEMENT PRODUCTS INC-STRATEGIC ALLIANCE","5065","United States","Completed/Signed","Strategic Alliance",NA,1956151045,"United States","Americas"
"Acer Inc","3577","2008-04-15","","Mnfr,whl computer,mobile phone","Taiwan","ACER INC/SYNNEX TECHNOLOGY INTERNATIONAL CORP-STRATEGIC ALLIANCE","5045","China","Completed/Signed","Strategic Alliance",NA,1969638045,"Taiwan","Asia"
"Synnex Tech Intl Corp","5045","2008-04-15","","Whl computers,peripherals","Taiwan","ACER INC/SYNNEX TECHNOLOGY INTERNATIONAL CORP-STRATEGIC ALLIANCE","5045","China","Completed/Signed","Strategic Alliance",NA,1969638045,"Taiwan","Asia"
"STINOVA Ltd","7319","2009-11-11","","Pvd sales,mktg svcs","Germany","STINOVA LTD/LANNER ELECTRONICS INC- STRATEGIC ALLIANCE","7319","Supranational","Completed/Signed","Strategic Alliance",NA,2156177045,"Germany","Europe"
"Lanner Electronics Inc","3571","2009-11-11","","Mnfr,whl computers,peripherals","Taiwan","STINOVA LTD/LANNER ELECTRONICS INC- STRATEGIC ALLIANCE","7319","Supranational","Completed/Signed","Strategic Alliance",NA,2156177045,"Taiwan","Asia"
"Acer Inc","3577","2010-05-27","","Mnfr,whl computer,mobile phone","Taiwan","ACER INC/FOUNDER GROUP-STRATEGIC ALLIANCE","3571","China","Completed/Signed","Strategic Alliance",NA,2440524045,"Taiwan","Asia"
"Founder Group Corp","3571","2010-05-27","","Mnfr,whl electronic computers","China","ACER INC/FOUNDER GROUP-STRATEGIC ALLIANCE","3571","China","Completed/Signed","Strategic Alliance",NA,2440524045,"China","Asia"
"HTC Corp","3571","2011-05-12","","Manufacture computers,mobile telephones","Taiwan","HTC CORP /VODAFONE GROUP PLC- STRATEGIC ALLIANCE","5045","Turkey","Completed/Signed","Strategic Alliance",NA,2309185045,"Taiwan","Asia"
"Vodafone Group Plc","4899","2011-05-12","","Provide wireless telecommunication services","United Kingdom","HTC CORP /VODAFONE GROUP PLC- STRATEGIC ALLIANCE","5045","Turkey","Completed/Signed","Strategic Alliance",NA,2309185045,"United Kingdom","Europe"
"Crossroads Sys Inc","7372","2012-02-21","","Develop software","United States","CROSSROADS SYSTEMS INC/FUJITSU FRONTECH LTD-STRATEGIC ALLIANCE","5112","","Completed/Signed","Strategic Alliance",NA,2426773045,"United States","Americas"
"Fujitsu Frontech Ltd","3571","2012-02-21","","Mnfr,wholesale mini computers","Japan","CROSSROADS SYSTEMS INC/FUJITSU FRONTECH LTD-STRATEGIC ALLIANCE","5112","","Completed/Signed","Strategic Alliance",NA,2426773045,"Japan","Asia"
"Lenovo Group Ltd","3571","2012-08-01","","Mnfr,wholesale computer prod","Hong Kong","LENOVO GROUP LTD/EMC CORP-STRATEGIC ALLIANCE","3572","China","Completed/Signed","Strategic Alliance",NA,2438760045,"Hong Kong","Asia"
"EMC Corp","3572","2012-08-01","","Mnfr storage platforms","United States","LENOVO GROUP LTD/EMC CORP-STRATEGIC ALLIANCE","3572","China","Completed/Signed","Strategic Alliance",NA,2438760045,"United States","Americas"
"Advantech Co Ltd","3571","2012-09-07","","Manufacture,wholesale industrial computers","Taiwan","ADVANTECH CO LTD/EINFOCHIPS LTD/TEXAS INSTRUMENTS INC-STRATEGIC ALLIANCE","7372","Supranational","Completed/Signed","Strategic Alliance",NA,2448529045,"Taiwan","Asia"
"eInfochips Ltd","7376","2012-09-07","","Pvd info tech svcs","India","ADVANTECH CO LTD/EINFOCHIPS LTD/TEXAS INSTRUMENTS INC-STRATEGIC ALLIANCE","7372","Supranational","Completed/Signed","Strategic Alliance",NA,2448529045,"India","Asia"
"Texas Instruments Inc","3674","2012-09-07","","Manufacturer,wholesale semiconductors","United States","ADVANTECH CO LTD/EINFOCHIPS LTD/TEXAS INSTRUMENTS INC-STRATEGIC ALLIANCE","7372","Supranational","Completed/Signed","Strategic Alliance",NA,2448529045,"United States","Americas"
"Extreme Networks Inc","7372","2013-07-17","","Develops Ethernet solutions","United States","EXTREME NETWORKS INC/LENOVO GROUP-STRATEGIC ALLIANCE","7372","Supranational","Completed/Signed","Strategic Alliance",NA,2585411045,"United States","Americas"
"Lenovo Group Ltd","3571","2013-07-17","","Mnfr,wholesale computer prod","Hong Kong","EXTREME NETWORKS INC/LENOVO GROUP-STRATEGIC ALLIANCE","7372","Supranational","Completed/Signed","Strategic Alliance",NA,2585411045,"Hong Kong","Asia"
"Virgin Mobile USA Inc","4812","2013-11-18","","Pvd wireless commun svcs","United States","VIRGIN MOBILE USA INC/HTC CORP -STRATEGIC ALLIANCE","3669","United States","Completed/Signed","Strategic Alliance",NA,2623002045,"United States","Americas"
"HTC Corp","3571","2013-11-18","","Manufacture computers,mobile telephones","Taiwan","VIRGIN MOBILE USA INC/HTC CORP -STRATEGIC ALLIANCE","3669","United States","Completed/Signed","Strategic Alliance",NA,2623002045,"Taiwan","Asia"
"HTC Corp","3571","2014-02-07","","Manufacture computers,mobile telephones","Taiwan","HTC CORP/NOKIA OYJ-STRATEGIC ALLIANCE","6794","Taiwan","Completed/Signed","Strategic Alliance",NA,2625892045,"Taiwan","Asia"
"Nokia Oyj","3663","2014-02-07","","Mnfr network infrastructure products","Finland","HTC CORP/NOKIA OYJ-STRATEGIC ALLIANCE","6794","Taiwan","Completed/Signed","Strategic Alliance",NA,2625892045,"Finland","Europe"
"NETGEAR Inc","3661","2014-02-24","","Telephone Apparatus Manufacturing","United States","NETGEAR INC/HTC CORP-STRATEGIC ALLIANCE","7372","Supranational","Completed/Signed","Strategic Alliance",NA,2640374045,"United States","Americas"
"HTC Corp","3571","2014-02-24","","Manufacture computers,mobile telephones","Taiwan","NETGEAR INC/HTC CORP-STRATEGIC ALLIANCE","7372","Supranational","Completed/Signed","Strategic Alliance",NA,2640374045,"Taiwan","Asia"
"HCL Infosystems Ltd","7373","2014-07-14","","Provide info,system integration services","India","HCL INFOSYSTEMS LTD/LENOVO INDIA PVT LTD-STRATEGIC ALLIANCE","8742","India","Completed/Signed","Strategic Alliance",NA,2793811045,"India","Asia"
"Lenovo India Pvt Ltd","3571","2014-07-14","","Electronic Computer Manufacturing","India","HCL INFOSYSTEMS LTD/LENOVO INDIA PVT LTD-STRATEGIC ALLIANCE","8742","India","Completed/Signed","Strategic Alliance",NA,2793811045,"India","Asia"
"Zenoss Inc","7372","2015-01-15","","Develops intelligent application and service monitoring platform","United States","LENOVO GROUP LTD/ZENOSS INC-STRATEGIC ALLIANCE","7372","Supranational","Completed/Signed","Strategic Alliance",NA,2716840045,"United States","Americas"
"Lenovo Group Ltd","3571","2015-01-15","","Mnfr,wholesale computer prod","Hong Kong","LENOVO GROUP LTD/ZENOSS INC-STRATEGIC ALLIANCE","7372","Supranational","Completed/Signed","Strategic Alliance",NA,2716840045,"Hong Kong","Asia"
"Anoto Group AB","3577","2016-07-18","","Other Computer Peripheral Equipment Manufacturing","Sweden","ANOTO GROUP AB/DIGIWORKS(AZTECH SYSTEMS)-STRATEGIC ALLIANCE","4812","Supranational","Completed/Signed","Strategic Alliance",NA,2985839045,"Sweden","Europe"
"Digiworks(Aztech Systems)","3571","2016-07-18","","Multi-media company","Singapore","ANOTO GROUP AB/DIGIWORKS(AZTECH SYSTEMS)-STRATEGIC ALLIANCE","4812","Supranational","Completed/Signed","Strategic Alliance",NA,2985839045,"Singapore","Asia"
"Beyond Media Group Ltd","7372","2016-08-19","","Software Publishers","United Kingdom","BEYOND MEDIA GROUP LTD/LENOVO GROUP LTD-STRATEGIC ALLIANCE","7372","United States","Completed/Signed","Strategic Alliance",NA,3073520045,"United Kingdom","Europe"
"Lenovo Group Ltd","3571","2016-08-19","","Mnfr,wholesale computer prod","Hong Kong","BEYOND MEDIA GROUP LTD/LENOVO GROUP LTD-STRATEGIC ALLIANCE","7372","United States","Completed/Signed","Strategic Alliance",NA,3073520045,"Hong Kong","Asia"
"Lenovo Group Ltd","3571","2016-10-17","","Mnfr,wholesale computer prod","Hong Kong","LENOVO GROUP LTD/NIMBLE STORAGE INC-STRATEGIC ALLIANCE","7538","","Completed/Signed","Strategic Alliance",NA,3034322045,"Hong Kong","Asia"
"Nimble Storage Inc","3572","2016-10-17","","Mnfr primary storage & reduplication architectures","United States","LENOVO GROUP LTD/NIMBLE STORAGE INC-STRATEGIC ALLIANCE","7538","","Completed/Signed","Strategic Alliance",NA,3034322045,"United States","Americas"
"InterContinental Hotels Group","7011","2016-10-28","","Owns and operates hotels and resorts","United Kingdom","INTERCONTINENTAL HOTELS GROUP PLC/HTC CORP-STRATEGIC ALLIANCE","7389","China","Completed/Signed","Strategic Alliance",NA,3029708045,"United Kingdom","Europe"
"HTC Corp","3571","2016-10-28","","Manufacture computers,mobile telephones","Taiwan","INTERCONTINENTAL HOTELS GROUP PLC/HTC CORP-STRATEGIC ALLIANCE","7389","China","Completed/Signed","Strategic Alliance",NA,3029708045,"Taiwan","Asia"
"Lenovo Group Ltd","3571","2016-12-13","","Mnfr,wholesale computer prod","Hong Kong","LENOVO GROUP LTD/VIA LICENSING CORP-STRATEGIC ALLIANCE","6794","United States","Completed/Signed","Strategic Alliance",NA,3049544045,"Hong Kong","Asia"
"Via Licensing Corp","6794","2016-12-13","","Lessors Of Nonfinancial Intangible Assets (Except Copyrighted Works)","United States","LENOVO GROUP LTD/VIA LICENSING CORP-STRATEGIC ALLIANCE","6794","United States","Completed/Signed","Strategic Alliance",NA,3049544045,"United States","Americas"
"Aaeon Technology Inc","3571","2017-01-31","","Electronic Computer Manufacturing","Taiwan","AAEON TECHNOLOGY INC/SOLID STATE PLC-STRATEGIC ALLIANCE","5099","United Kingdom~Ireland-Rep","Completed/Signed","Strategic Alliance",NA,3066191045,"Taiwan","Asia"
"Solid State PLC","3679","2017-01-31","","Printed Circuit Assembly (Electronic Assembly) Manufacturing","United Kingdom","AAEON TECHNOLOGY INC/SOLID STATE PLC-STRATEGIC ALLIANCE","5099","United Kingdom~Ireland-Rep","Completed/Signed","Strategic Alliance",NA,3066191045,"United Kingdom","Europe"
"Promark Technology Inc","7376","2017-03-09","","Provide data storage distribution services","United States","PROMARK TECHNOLOGY INC/LENOVO GROUP LTD-STRATEGIC ALLIANCE","5099","Supranational","Completed/Signed","Strategic Alliance",NA,3084472045,"United States","Americas"
"Lenovo Group Ltd","3571","2017-03-09","","Mnfr,wholesale computer prod","Hong Kong","PROMARK TECHNOLOGY INC/LENOVO GROUP LTD-STRATEGIC ALLIANCE","5099","Supranational","Completed/Signed","Strategic Alliance",NA,3084472045,"Hong Kong","Asia"
"Warner Bros Inc","7812","2017-03-27","","Provide motion picture production services","United States","WARNER BROS INC/HTC CORP-STRATEGIC ALLIANCE","7812","Supranational","Completed/Signed","Strategic Alliance",NA,3085894045,"United States","Americas"
"HTC Corp","3571","2017-03-27","","Manufacture computers,mobile telephones","Taiwan","WARNER BROS INC/HTC CORP-STRATEGIC ALLIANCE","7812","Supranational","Completed/Signed","Strategic Alliance",NA,3085894045,"Taiwan","Asia"
"Google Inc","7375","2017-05-17","","Internet Publishing and Broadcasting and Web Search Portals","United States","GOOGLE INC/HTC VIVE/LENOVO GROUP LTD-STRATEGIC ALLIANCE","1731","Supranational","Completed/Signed","Strategic Alliance",NA,3370965045,"United States","Americas"
"Htc Vive","7622","2017-05-17","","Consumer Electronics Repair and Maintenance","Taiwan","GOOGLE INC/HTC VIVE/LENOVO GROUP LTD-STRATEGIC ALLIANCE","1731","Supranational","Completed/Signed","Strategic Alliance",NA,3370965045,"Taiwan","Asia"
"Lenovo Group Ltd","3571","2017-05-17","","Mnfr,wholesale computer prod","Hong Kong","GOOGLE INC/HTC VIVE/LENOVO GROUP LTD-STRATEGIC ALLIANCE","1731","Supranational","Completed/Signed","Strategic Alliance",NA,3370965045,"Hong Kong","Asia"
"Veeam Software AG (Now 9J7839)","7372","2017-05-17","","Dvlp server mgmt software","Switzerland","VEEAM SOFTWARE AG/LENOVO GROUP LTD/INTERNATIONAL BUSINESS/INFINIDAT~INC-STRATEGIC ALLIANCE","7371","Switzerland","Completed/Signed","Strategic Alliance",NA,3109471045,"Switzerland","Europe"
"Lenovo Group Ltd","3571","2017-05-17","","Mnfr,wholesale computer prod","Hong Kong","VEEAM SOFTWARE AG/LENOVO GROUP LTD/INTERNATIONAL BUSINESS/INFINIDAT~INC-STRATEGIC ALLIANCE","7371","Switzerland","Completed/Signed","Strategic Alliance",NA,3109471045,"Hong Kong","Asia"
"IBM Corp","3571","2017-05-17","","Manufacture computer products","United States","VEEAM SOFTWARE AG/LENOVO GROUP LTD/INTERNATIONAL BUSINESS/INFINIDAT~INC-STRATEGIC ALLIANCE","7371","Switzerland","Completed/Signed","Strategic Alliance",NA,3109471045,"United States","Americas"
"Infinidat Inc","3572","2017-05-17","","Computer Storage Device Manufacturing","United States","VEEAM SOFTWARE AG/LENOVO GROUP LTD/INTERNATIONAL BUSINESS/INFINIDAT~INC-STRATEGIC ALLIANCE","7371","Switzerland","Completed/Signed","Strategic Alliance",NA,3109471045,"United States","Americas"
"Stellar Information Systems","7374","2017-05-17","","Pvd data recovery svcs","India","STELLAR INFORMATION SYSTEMS/LENOVO GROUP LTD-STRATEGIC ALLIANCE","7374","India","Completed/Signed","Strategic Alliance",NA,3105509045,"India","Asia"
"Lenovo Group Ltd","3571","2017-05-17","","Mnfr,wholesale computer prod","Hong Kong","STELLAR INFORMATION SYSTEMS/LENOVO GROUP LTD-STRATEGIC ALLIANCE","7374","India","Completed/Signed","Strategic Alliance",NA,3105509045,"Hong Kong","Asia"
"Huawei Technologies Co Ltd","7376","2017-07-19","","Provide information tech svcs","China","HUAWEI TECHNOLOGIES CO LTD/INFOCOMMUN MEDIA DVLP/KEPPEL DATA CTRS HLDG PTE~LTD/ASCENT SOLUTIONS PTE LTD-STRATEGIC ALLIANCE","7389","Singapore","Completed/Signed","Strategic Alliance",NA,3129731045,"China","Asia"
"InfoCommun Media Dvlp","3571","2017-07-19","","Multi-media company","Singapore","HUAWEI TECHNOLOGIES CO LTD/INFOCOMMUN MEDIA DVLP/KEPPEL DATA CTRS HLDG PTE~LTD/ASCENT SOLUTIONS PTE LTD-STRATEGIC ALLIANCE","7389","Singapore","Completed/Signed","Strategic Alliance",NA,3129731045,"Singapore","Asia"
"Keppel Data Cntrs Hldg Pte Ltd","7375","2017-07-19","","Own,operates internet data center","Singapore","HUAWEI TECHNOLOGIES CO LTD/INFOCOMMUN MEDIA DVLP/KEPPEL DATA CTRS HLDG PTE~LTD/ASCENT SOLUTIONS PTE LTD-STRATEGIC ALLIANCE","7389","Singapore","Completed/Signed","Strategic Alliance",NA,3129731045,"Singapore","Asia"
"Ascent Solutions Pte Ltd","4212","2017-07-19","","Trucking company","Singapore","HUAWEI TECHNOLOGIES CO LTD/INFOCOMMUN MEDIA DVLP/KEPPEL DATA CTRS HLDG PTE~LTD/ASCENT SOLUTIONS PTE LTD-STRATEGIC ALLIANCE","7389","Singapore","Completed/Signed","Strategic Alliance",NA,3129731045,"Singapore","Asia"
"Immotion Group PLC","7376","2017-08-01","","Software Publishers","United Kingdom","IMMOTION GROUP PLC/BEIJING LEKE VR TECHNOLOGY CO LTD-STRATEGIC ALLIANCE","3571","United States~United Kingdom","Completed/Signed","Strategic Alliance",NA,3343009045,"United Kingdom","Europe"
"Beijing Leke Vr Tech Co Ltd","3571","2017-08-01","","Electronic Computer Manufacturing","China","IMMOTION GROUP PLC/BEIJING LEKE VR TECHNOLOGY CO LTD-STRATEGIC ALLIANCE","3571","United States~United Kingdom","Completed/Signed","Strategic Alliance",NA,3343009045,"China","Asia"
"Socionext Inc","7371","2017-08-31","","Custom Computer Programming Services","Japan","SOCIONEXT INC/ADVANTECH CO LTD-STRATEGIC ALLIANCE","7373","Supranational","Completed/Signed","Strategic Alliance",NA,3146976045,"Japan","Asia"
"Advantech Co Ltd","3571","2017-08-31","","Manufacture,wholesale industrial computers","Taiwan","SOCIONEXT INC/ADVANTECH CO LTD-STRATEGIC ALLIANCE","7373","Supranational","Completed/Signed","Strategic Alliance",NA,3146976045,"Taiwan","Asia"
"Lenovo Group Ltd","3571","2017-09-07","","Mnfr,wholesale computer prod","Hong Kong","LENOVO GROUP LTD/VIA LICENSING CORP-STRATEGIC ALLIANCE","6794","United States","Completed/Signed","Strategic Alliance",NA,3147392045,"Hong Kong","Asia"
"Via Licensing Corp","6794","2017-09-07","","Lessors Of Nonfinancial Intangible Assets (Except Copyrighted Works)","United States","LENOVO GROUP LTD/VIA LICENSING CORP-STRATEGIC ALLIANCE","6794","United States","Completed/Signed","Strategic Alliance",NA,3147392045,"United States","Americas"
"Fun Union Ltd","3571","2017-10-13","","Electronic Computer Manufacturing","Hong Kong","FUN UNION LTD/IMIRA ENTERTAINMENT SL-STRATEGIC ALLIANCE","3571","Spain","Completed/Signed","Strategic Alliance",NA,3375373045,"Hong Kong","Asia"
"Imira Entertainment SL","7819","2017-10-13","","Movie, TV Production & Distribution","Spain","FUN UNION LTD/IMIRA ENTERTAINMENT SL-STRATEGIC ALLIANCE","3571","Spain","Completed/Signed","Strategic Alliance",NA,3375373045,"Spain","Europe"
"Lenovo Group Ltd","3571","2017-10-24","","Mnfr,wholesale computer prod","Hong Kong","LENOVO GROUP LTD/INTEL CORP-STRATEGIC ALLIANCE","7373","United States","Completed/Signed","Strategic Alliance",NA,3218087045,"Hong Kong","Asia"
"Intel Corp","3674","2017-10-24","","Manufacture,wholesale semiconductors","United States","LENOVO GROUP LTD/INTEL CORP-STRATEGIC ALLIANCE","7373","United States","Completed/Signed","Strategic Alliance",NA,3218087045,"United States","Americas"
"Igel Technology GmbH","3571","2017-10-26","","Mnfg,whol computers","Germany","IGEL TECHNOLOGY GMBH/ADVANTECH CO LTD-STRATEGIC ALLIANCE","7373","Supranational","Completed/Signed","Strategic Alliance",NA,3215003045,"Germany","Europe"
"Advantech Co Ltd","3571","2017-10-26","","Manufacture,wholesale industrial computers","Taiwan","IGEL TECHNOLOGY GMBH/ADVANTECH CO LTD-STRATEGIC ALLIANCE","7373","Supranational","Completed/Signed","Strategic Alliance",NA,3215003045,"Taiwan","Asia"
"Trade Network International","7373","2017-11-06","","Network integrated sys svcs","United Kingdom","TRADE NETWORK INTERNATIONAL/DE AND E-STRATEGIC ALLIANCE","5099","Supranational","Completed/Signed","Strategic Alliance",NA,3371557045,"United Kingdom","Europe"
"De And E","3571","2017-11-06","","Electronic Computer Manufacturing","China","TRADE NETWORK INTERNATIONAL/DE AND E-STRATEGIC ALLIANCE","5099","Supranational","Completed/Signed","Strategic Alliance",NA,3371557045,"China","Asia"
"Quanta Computer Inc","3571","2017-12-12","","Mnfr electn computers","Taiwan","QUANTA COMPUTER INC/LUMUS LTD-STRATEGIC ALLIANCE","3679","Taiwan","Completed/Signed","Strategic Alliance",NA,3200844045,"Taiwan","Asia"
"Lumus Ltd","3679","2017-12-12","","Other Electronic Component Manufacturing","Israel","QUANTA COMPUTER INC/LUMUS LTD-STRATEGIC ALLIANCE","3679","Taiwan","Completed/Signed","Strategic Alliance",NA,3200844045,"Israel","Asia"
"HTC Corp","3571","2018-06-28","","Manufacture computers,mobile telephones","Taiwan","HTC CORP/CHINA MOBILE LTD-STRATEGIC ALLIANCE","7372","","Completed/Signed","Strategic Alliance",NA,3358373045,"Taiwan","Asia"
"China Mobile Ltd","4813","2018-06-28","","Pvd telecommunications svcs","Hong Kong","HTC CORP/CHINA MOBILE LTD-STRATEGIC ALLIANCE","7372","","Completed/Signed","Strategic Alliance",NA,3358373045,"Hong Kong","Asia"
"Tech Data Corp","5045","2018-07-18","","Wholesales technology products","United States","TECH DATA CORP/ADVANTECH CO LTD-STRATEGIC ALLIANCE","7372","United States","Completed/Signed","Strategic Alliance",NA,3351456045,"United States","Americas"
"Advantech Co Ltd","3571","2018-07-18","","Manufacture,wholesale industrial computers","Taiwan","TECH DATA CORP/ADVANTECH CO LTD-STRATEGIC ALLIANCE","7372","United States","Completed/Signed","Strategic Alliance",NA,3351456045,"Taiwan","Asia"
"Pivot3 Inc","7372","2018-08-29","","Dvlp defined storage solutions software","United States","PIVOT3 INC/LENOVO GROUP LTD-STRATEGIC ALLIANCE","7373","Hong Kong","Completed/Signed","Strategic Alliance",NA,3335921045,"United States","Americas"
"Lenovo Group Ltd","3571","2018-08-29","","Mnfr,wholesale computer prod","Hong Kong","PIVOT3 INC/LENOVO GROUP LTD-STRATEGIC ALLIANCE","7373","Hong Kong","Completed/Signed","Strategic Alliance",NA,3335921045,"Hong Kong","Asia"
"Enea AB","7376","2018-09-04","","Software Publishers","Sweden","ENEA AB/ADVANTECH CO LTD-STRATEGIC ALLIANCE","7372","Taiwan~Sweden","Completed/Signed","Strategic Alliance",NA,3345574045,"Sweden","Europe"
"Advantech Co Ltd","3571","2018-09-04","","Manufacture,wholesale industrial computers","Taiwan","ENEA AB/ADVANTECH CO LTD-STRATEGIC ALLIANCE","7372","Taiwan~Sweden","Completed/Signed","Strategic Alliance",NA,3345574045,"Taiwan","Asia"
"Lenovo Group Ltd","3571","2018-09-13","","Mnfr,wholesale computer prod","Hong Kong","LENOVO GROUP LTD/NETAPP INC-STRATEGIC ALLIANCE","7372","China","Completed/Signed","Strategic Alliance",NA,3344360045,"Hong Kong","Asia"
"NetApp Inc","3572","2018-09-13","","Mnfr,dvlp network storage","United States","LENOVO GROUP LTD/NETAPP INC-STRATEGIC ALLIANCE","7372","China","Completed/Signed","Strategic Alliance",NA,3344360045,"United States","Americas"
"CMC Corp","3571","2018-10-20","","Pvd IT related services","Vietnam","CMC CORP/APPROXIMA-STRATEGIC ALLIANCE","8741","Denmark~Vietnam","Completed/Signed","Strategic Alliance",NA,3333625045,"Vietnam","Asia"
"Approxima","8748","2018-10-20","","Other Management Consulting Services","Denmark","CMC CORP/APPROXIMA-STRATEGIC ALLIANCE","8741","Denmark~Vietnam","Completed/Signed","Strategic Alliance",NA,3333625045,"Denmark","Europe"
"Lenovo Group Ltd","3571","2018-10-22","","Mnfr,wholesale computer prod","Hong Kong","LENOVO GROUP LTD/EMITAC ENTERPRISE SOLUTIONS L.L.C-STRATEGIC ALLIANCE","7372","Utd Arab Em","Completed/Signed","Strategic Alliance",NA,3338565045,"Hong Kong","Asia"
"Sony Interactive Ent Inc","3651","2018-10-30","","Audio and Video Equipment Manufacturing","United States","SONY INTERACTIVE ENTERTAINMENT LLC/LENOVO GROUP LTD-STRATEGIC ALLIANCE","6794","United States","Completed/Signed","Strategic Alliance",NA,3345051045,"United States","Americas"
"Lenovo Group Ltd","3571","2018-10-30","","Mnfr,wholesale computer prod","Hong Kong","SONY INTERACTIVE ENTERTAINMENT LLC/LENOVO GROUP LTD-STRATEGIC ALLIANCE","6794","United States","Completed/Signed","Strategic Alliance",NA,3345051045,"Hong Kong","Asia"
"Absolute Software Corp","7372","2018-11-14","","Dvlp computer sec software","Canada","ABSOLUTE SOFTWARE CORP/VAIO CORP-STRATEGIC ALLIANCE","7382","Japan","Completed/Signed","Strategic Alliance",NA,3314475045,"Canada","Americas"
"VAIO Corp","3571","2018-11-14","","Electronic Computer Manufacturing","Japan","ABSOLUTE SOFTWARE CORP/VAIO CORP-STRATEGIC ALLIANCE","7382","Japan","Completed/Signed","Strategic Alliance",NA,3314475045,"Japan","Asia"
"Cumulus Networks Inc","7372","2018-12-10","","Software Publishers","United States","CUMULUS NETWORKS INC/LENOVO GROUP LTD-STRATEGIC ALLIANCE","7375","Supranational","Completed/Signed","Strategic Alliance",NA,3336749045,"United States","Americas"
"Lenovo Group Ltd","3571","2018-12-10","","Mnfr,wholesale computer prod","Hong Kong","CUMULUS NETWORKS INC/LENOVO GROUP LTD-STRATEGIC ALLIANCE","7375","Supranational","Completed/Signed","Strategic Alliance",NA,3336749045,"Hong Kong","Asia"
"Ekinops SA","3661","2019-01-29","","Mnfr optical transport equip","France","EKINOPS SA/LANNER ELECTRONICS INC-STRATEGIC ALLIANCE","8731","Supranational","Completed/Signed","Strategic Alliance",NA,3344223045,"France","Europe"
"Lanner Electronics Inc","3571","2019-01-29","","Mnfr,whl computers,peripherals","Taiwan","EKINOPS SA/LANNER ELECTRONICS INC-STRATEGIC ALLIANCE","8731","Supranational","Completed/Signed","Strategic Alliance",NA,3344223045,"Taiwan","Asia"
"Lanner Electronics Inc","3571","2019-02-20","","Mnfr,whl computers,peripherals","Taiwan","LANNER ELECTRONICS INC/NETELASTIC SYSTEMS INC-STRATEGIC ALLIANCE","1731","Supranational","Completed/Signed","Strategic Alliance",NA,3351632045,"Taiwan","Asia"
"NetElastic Systems Inc","7372","2019-02-20","","Software Publishers","United States","LANNER ELECTRONICS INC/NETELASTIC SYSTEMS INC-STRATEGIC ALLIANCE","1731","Supranational","Completed/Signed","Strategic Alliance",NA,3351632045,"United States","Americas"
"Aricent Inc","7372","2019-02-26","","Dvlp commun software","United States","ARICENT INC/LANNER ELECTRONICS INC-STRATEGIC ALLIANCE","1731","Supranational","Completed/Signed","Strategic Alliance",NA,3359369045,"United States","Americas"
"Lanner Electronics Inc","3571","2019-02-26","","Mnfr,whl computers,peripherals","Taiwan","ARICENT INC/LANNER ELECTRONICS INC-STRATEGIC ALLIANCE","1731","Supranational","Completed/Signed","Strategic Alliance",NA,3359369045,"Taiwan","Asia"
"Tech Data Corp","5045","2019-04-11","","Wholesales technology products","United States","TECH DATA CORP/LENOVO GROUP LTD-STRATEGIC ALLIANCE","5099","Ireland-Rep","Completed/Signed","Strategic Alliance",NA,3381986045,"United States","Americas"
"Lenovo Group Ltd","3571","2019-04-11","","Mnfr,wholesale computer prod","Hong Kong","TECH DATA CORP/LENOVO GROUP LTD-STRATEGIC ALLIANCE","5099","Ireland-Rep","Completed/Signed","Strategic Alliance",NA,3381986045,"Hong Kong","Asia"
"Saint Bitts LLC","6099","2019-09-16","","Commodity Contracts Dealing","United States","SAINT BITTS LLC/HTC CORP-STRATEGIC ALLIANCE","7373","Taiwan","Completed/Signed","Strategic Alliance",NA,3453777045,"United States","Americas"
"HTC Corp","3571","2019-09-16","","Manufacture computers,mobile telephones","Taiwan","SAINT BITTS LLC/HTC CORP-STRATEGIC ALLIANCE","7373","Taiwan","Completed/Signed","Strategic Alliance",NA,3453777045,"Taiwan","Asia"
"Motherboard Express Co","3429","2019-09-24","","Hardware Manufacturing","United States","MOTHERBOARD EXPRESS CO/LANNER ELECTRONICS INC-STRATEGIC ALLIANCE","7373","United States","Completed/Signed","Strategic Alliance",NA,3459493045,"United States","Americas"
"Lanner Electronics Inc","3571","2019-09-24","","Mnfr,whl computers,peripherals","Taiwan","MOTHERBOARD EXPRESS CO/LANNER ELECTRONICS INC-STRATEGIC ALLIANCE","7373","United States","Completed/Signed","Strategic Alliance",NA,3459493045,"Taiwan","Asia"
"Data Dynamics Inc","7379","2019-09-24","","Other Computer Related Services","United States","DATA DYNAMICS INC/LENOVO GROUP LTD-STRATEGIC ALLIANCE","7372","United States","Completed/Signed","Strategic Alliance",NA,3458764045,"United States","Americas"
"Lenovo Group Ltd","3571","2019-09-24","","Mnfr,wholesale computer prod","Hong Kong","DATA DYNAMICS INC/LENOVO GROUP LTD-STRATEGIC ALLIANCE","7372","United States","Completed/Signed","Strategic Alliance",NA,3458764045,"Hong Kong","Asia"
"Green Gold Animation Pvt Ltd","7929","2019-10-18","","Musical Groups and Artists","India","GREEN GOLD ANIMATION PVT LTD/ADK EMOTIONS INC-STRATEGIC ALLIANCE","7372","","Completed/Signed","Strategic Alliance",NA,3468414045,"India","Asia"
"Adk Emotions Inc","3571","2019-10-18","","Electronic Computer Manufacturing","Japan","GREEN GOLD ANIMATION PVT LTD/ADK EMOTIONS INC-STRATEGIC ALLIANCE","7372","","Completed/Signed","Strategic Alliance",NA,3468414045,"Japan","Asia"
"Kantar Group Ltd","8742","2019-11-18","","Marketing Consulting Services","United Kingdom","KANTAR GROUP LTD/VTION-STRATEGIC ALLIANCE","7373","India","Completed/Signed","Strategic Alliance",NA,3479966045,"United Kingdom","Europe"
"Vtion","3571","2019-11-18","","Data Processing, Hosting, and Related Services","India","KANTAR GROUP LTD/VTION-STRATEGIC ALLIANCE","7373","India","Completed/Signed","Strategic Alliance",NA,3479966045,"India","Asia"
"Elitegroup Computer Systems","3571","2020-01-07","","Mnfr computer mainboards","Taiwan","ELITEGROUP COMPUTER SYSTEMS CO LTD/IOTECHA CORP-STRATEGIC ALLIANCE","1731","","Completed/Signed","Strategic Alliance",NA,3502201045,"Taiwan","Asia"
"Iotecha Corp","1623","2020-01-07","","Power and Communication Line and Related Structures Construction","United States","ELITEGROUP COMPUTER SYSTEMS CO LTD/IOTECHA CORP-STRATEGIC ALLIANCE","1731","","Completed/Signed","Strategic Alliance",NA,3502201045,"United States","Americas"
"Gigabyte Technology Co Ltd","3571","2020-02-27","","Mnfr computer chip motherboard","Taiwan","GIGABYTE TECHNOLOGY CO LTD/ZUTACORE LTD-STRATEGIC ALLIANCE","7371","","Completed/Signed","Strategic Alliance",NA,3519790045,"Taiwan","Asia"
"Zutacore Ltd","1796","2020-02-27","","Plumbing, Heating, and Air-Conditioning Contractors","United States","GIGABYTE TECHNOLOGY CO LTD/ZUTACORE LTD-STRATEGIC ALLIANCE","7371","","Completed/Signed","Strategic Alliance",NA,3519790045,"United States","Americas"
"Lenovo Group Ltd","3571","2020-03-10","","Mnfr,wholesale computer prod","Hong Kong","LENOVO GROUP LTD/SENTINEL LABS INC-STRATEGIC ALLIANCE","7372","United States","Completed/Signed","Strategic Alliance",NA,3540656045,"Hong Kong","Asia"
"SentinelOne Inc","7372","2020-03-10","","Software Publishers","United States","LENOVO GROUP LTD/SENTINEL LABS INC-STRATEGIC ALLIANCE","7372","United States","Completed/Signed","Strategic Alliance",NA,3540656045,"United States","Americas"
"Lemma Tech Ltd","3571","2020-04-21","","Electronic Computer Manufacturing","India","LEMMA TECHNOLOGIES LTD/LIFESIGHT PTE. LTD-STRATEGIC ALLIANCE","3571","India","Completed/Signed","Strategic Alliance",NA,3564283045,"India","Asia"
"Lifesight Pte. Ltd.","7371","2020-04-21","","Custom Computer Programming Services","India","LEMMA TECHNOLOGIES LTD/LIFESIGHT PTE. LTD-STRATEGIC ALLIANCE","3571","India","Completed/Signed","Strategic Alliance",NA,3564283045,"India","Asia"
"Lanner Electronics Inc","3571","2020-05-19","","Mnfr,whl computers,peripherals","Taiwan","LANNER ELECTRONICS INC/FLEXIWAN LTD-STRATEGIC ALLIANCE","7371","Taiwan","Completed/Signed","Strategic Alliance",NA,3578394045,"Taiwan","Asia"
"Flexiwan Ltd","7372","2020-05-19","","Software Publishers","Israel","LANNER ELECTRONICS INC/FLEXIWAN LTD-STRATEGIC ALLIANCE","7371","Taiwan","Completed/Signed","Strategic Alliance",NA,3578394045,"Israel","Asia"
"Cyberlink Corp","7372","2020-05-20","","Software Publishers","Taiwan","CYBERLINK CORP/ADVANTECH CO LTD-STRATEGIC ALLIANCE","7373","Taiwan","Completed/Signed","Strategic Alliance",NA,3577730045,"Taiwan","Asia"
"Advantech Co Ltd","3571","2020-05-20","","Manufacture,wholesale industrial computers","Taiwan","CYBERLINK CORP/ADVANTECH CO LTD-STRATEGIC ALLIANCE","7373","Taiwan","Completed/Signed","Strategic Alliance",NA,3577730045,"Taiwan","Asia"
"Advantech Co Ltd","3571","2020-06-23","","Manufacture,wholesale industrial computers","Taiwan","ADVANTECH CO LTD/QSC AG-STRATEGIC ALLIANCE","7372","Supranational","Completed/Signed","Strategic Alliance",NA,3594920045,"Taiwan","Asia"
"QSC AG","7375","2020-06-23","","Internet Service Provider{ISP}","Germany","ADVANTECH CO LTD/QSC AG-STRATEGIC ALLIANCE","7372","Supranational","Completed/Signed","Strategic Alliance",NA,3594920045,"Germany","Europe"
"Northern Data AG","7374","2020-07-21","","Provides data infrastructure solution","Germany","NORTHERN DATA AG/GIGABYTE TECHNOLOGY CO LTD-STRATEGIC ALLIANCE","7372","Germany","Completed/Signed","Strategic Alliance",NA,3613842045,"Germany","Europe"
"Gigabyte Technology Co Ltd","3571","2020-07-21","","Mnfr computer chip motherboard","Taiwan","NORTHERN DATA AG/GIGABYTE TECHNOLOGY CO LTD-STRATEGIC ALLIANCE","7372","Germany","Completed/Signed","Strategic Alliance",NA,3613842045,"Taiwan","Asia"
"Data Dynamics Ltd","7372","2020-08-04","","Dvlp software","United States","DATA DYNAMICS LTD/LENOVO GROUP LTD-STRATEGIC ALLIANCE","7372","Supranational","Completed/Signed","Strategic Alliance",NA,3617695045,"United States","Americas"
"Lenovo Group Ltd","3571","2020-08-04","","Mnfr,wholesale computer prod","Hong Kong","DATA DYNAMICS LTD/LENOVO GROUP LTD-STRATEGIC ALLIANCE","7372","Supranational","Completed/Signed","Strategic Alliance",NA,3617695045,"Hong Kong","Asia"
"Ekinops SA","3661","2020-09-02","","Mnfr optical transport equip","France","EKINOPS SA/LANNER ELECTRONICS INC-STRATEGIC ALLIANCE","8742","United States","Completed/Signed","Strategic Alliance",NA,3629915045,"France","Europe"
"Lanner Electronics Inc","3571","2020-09-02","","Mnfr,whl computers,peripherals","Taiwan","EKINOPS SA/LANNER ELECTRONICS INC-STRATEGIC ALLIANCE","8742","United States","Completed/Signed","Strategic Alliance",NA,3629915045,"Taiwan","Asia"
"Acer Inc","3577","2020-09-16","","Mnfr,whl computer,mobile phone","Taiwan","ACER INC/MINDWARE HOLDINGS INC-STRATEGIC ALLIANCE","8742","Supranational","Completed/Signed","Strategic Alliance",NA,3637096045,"Taiwan","Asia"
"Mindware Hldg Inc","3944","2020-09-16","","Manufacture and wholesale toys","United States","ACER INC/MINDWARE HOLDINGS INC-STRATEGIC ALLIANCE","8742","Supranational","Completed/Signed","Strategic Alliance",NA,3637096045,"United States","Americas"
"Bango PLC","7375","2020-09-22","","Pvd mobile Internet svcs","United Kingdom","BANGO PLC/IN10 MEDIA PVT LTD-EPIC ON-STRATEGIC ALLIANCE","3571","Supranational","Completed/Signed","Strategic Alliance",NA,3638746045,"United Kingdom","Europe"
"In10 Media Pvt Ltd-Epic On","3571","2020-09-22","","Electronic Computer Manufacturing","India","BANGO PLC/IN10 MEDIA PVT LTD-EPIC ON-STRATEGIC ALLIANCE","3571","Supranational","Completed/Signed","Strategic Alliance",NA,3638746045,"India","Asia"
"Automation Engineering Inc","3541","2020-09-28","","Mnfr machine tools,sys","United States","AUTOMATION ENGINEERING INC/WINCOMM-STRATEGIC ALLIANCE","5099","China","Completed/Signed","Strategic Alliance",NA,3642517045,"United States","Americas"
"Wincomm","3571","2020-09-28","","Electronic Computer Manufacturing","China","AUTOMATION ENGINEERING INC/WINCOMM-STRATEGIC ALLIANCE","5099","China","Completed/Signed","Strategic Alliance",NA,3642517045,"China","Asia"
"Lemma Tech Ltd","3571","2020-10-13","","Electronic Computer Manufacturing","India","LEMMA TECHNOLOGIES LTD/VIOOH LTD-STRATEGIC ALLIANCE","8742","United Kingdom","Completed/Signed","Strategic Alliance",NA,3648486045,"India","Asia"
"Viooh Ltd","7311","2020-10-13","","Advertising Agencies","United Kingdom","LEMMA TECHNOLOGIES LTD/VIOOH LTD-STRATEGIC ALLIANCE","8742","United Kingdom","Completed/Signed","Strategic Alliance",NA,3648486045,"United Kingdom","Europe"
"HTC Corp","3571","2020-11-04","","Manufacture computers,mobile telephones","Taiwan","MINDWARE FZ LLC/HTC CORP-STRATEGIC ALLIANCE","7812","","Completed/Signed","Strategic Alliance",NA,3656546045,"Taiwan","Asia"
"SMT","7372","2020-12-08","","Software Publishers","India","SMT/LENOVO GROUP LTD-STRATEGIC ALLIANCE","1731","India","Completed/Signed","Strategic Alliance",NA,3670998045,"India","Asia"
"Lenovo Group Ltd","3571","2020-12-08","","Mnfr,wholesale computer prod","Hong Kong","SMT/LENOVO GROUP LTD-STRATEGIC ALLIANCE","1731","India","Completed/Signed","Strategic Alliance",NA,3670998045,"Hong Kong","Asia"
"Buddy Technologies Ltd","7372","2021-01-13","","Software Publishers","Australia","BUDDY TECHNOLOGIES LTD/NANCHANG INNOTECH HOMESMART CO LTD-STRATEGIC~ALLIANCE","3999","China","Completed/Signed","Strategic Alliance",NA,3687575045,"Australia","Oceania"
"Nanchang Innotech Homesmart","3571","2021-01-13","","Electronic Computer Manufacturing","China","BUDDY TECHNOLOGIES LTD/NANCHANG INNOTECH HOMESMART CO LTD-STRATEGIC~ALLIANCE","3999","China","Completed/Signed","Strategic Alliance",NA,3687575045,"China","Asia"
"Liquidstack","7372","2021-03-25","","Software Reproducing","United States","LIQUIDSTACK/WIWYNN CORP-STRATEGIC ALLIANCE","7372","Supranational","Completed/Signed","Strategic Alliance",NA,3718145045,"United States","Americas"
"Wiwynn Corp","3571","2021-03-25","","Electronic Computer Manufacturing","Taiwan","LIQUIDSTACK/WIWYNN CORP-STRATEGIC ALLIANCE","7372","Supranational","Completed/Signed","Strategic Alliance",NA,3718145045,"Taiwan","Asia"
"InnoDisk Corp","3572","2021-03-30","","Mnfr computer storage devices","Taiwan","INNODISK CORP/AVALUE TECHNOLOGY INC-STRATEGIC ALLIANCE","8741","Taiwan","Completed/Signed","Strategic Alliance",NA,3721078045,"Taiwan","Asia"
"Avalue Technology Inc","3571","2021-03-30","","Manufacture computers","Taiwan","INNODISK CORP/AVALUE TECHNOLOGY INC-STRATEGIC ALLIANCE","8741","Taiwan","Completed/Signed","Strategic Alliance",NA,3721078045,"Taiwan","Asia"
"Intek Inc","4911","2021-04-06","","Electric Power Distribution","United States","INTEK INC/MINERVA GROUP A/S/CIPHERLAB CO LTD-STRATEGIC ALLIANCE","7372","United States","Completed/Signed","Strategic Alliance",NA,3726905045,"United States","Americas"
"Minerva Group A/S","7371","2021-04-06","","Custom Computer Programming Services","Denmark","INTEK INC/MINERVA GROUP A/S/CIPHERLAB CO LTD-STRATEGIC ALLIANCE","7372","United States","Completed/Signed","Strategic Alliance",NA,3726905045,"Denmark","Europe"
"Cipherlab Co Ltd","3571","2021-04-06","","Mnfr, design and market AIDC","Taiwan","INTEK INC/MINERVA GROUP A/S/CIPHERLAB CO LTD-STRATEGIC ALLIANCE","7372","United States","Completed/Signed","Strategic Alliance",NA,3726905045,"Taiwan","Asia"
"Nokia Oyj","3663","2021-04-07","","Mnfr network infrastructure products","Finland","NOKIA OYJ/LENOVO GROUP LTD-STRATEGIC ALLIANCE","6794","Supranational","Completed/Signed","Strategic Alliance",NA,3729129045,"Finland","Europe"
"Lenovo Group Ltd","3571","2021-04-07","","Mnfr,wholesale computer prod","Hong Kong","NOKIA OYJ/LENOVO GROUP LTD-STRATEGIC ALLIANCE","6794","Supranational","Completed/Signed","Strategic Alliance",NA,3729129045,"Hong Kong","Asia"
"Asia Tv Digital Media Ltd","3571","2021-04-13","","Electronic Computer Manufacturing","Hong Kong","ASIA TELEVISION DIGITAL MEDIA LTD/SOCIAL FACE HK LTD-STRATEGIC ALLIANCE","7373","Hong Kong","Completed/Signed","Strategic Alliance",NA,3728505045,"Hong Kong","Asia"
"Social Face Hk Ltd","7372","2021-04-13","","Software Publishers","Hong Kong","ASIA TELEVISION DIGITAL MEDIA LTD/SOCIAL FACE HK LTD-STRATEGIC ALLIANCE","7373","Hong Kong","Completed/Signed","Strategic Alliance",NA,3728505045,"Hong Kong","Asia"
"Canaan Inc","3571","2021-04-23","","Electronic Computer Manufacturing","China","CANAAN INC/CATHAY TRI-TECH INC-STRATEGIC ALLIANCE","8062","Japan","Completed/Signed","Strategic Alliance",NA,3732703045,"China","Asia"
"Cathay Tri-Tech Inc","7372","2021-04-23","","Software Publishers","Japan","CANAAN INC/CATHAY TRI-TECH INC-STRATEGIC ALLIANCE","8062","Japan","Completed/Signed","Strategic Alliance",NA,3732703045,"Japan","Asia"
"HTC Corp","3571","2021-04-27","","Manufacture computers,mobile telephones","Taiwan","HTC CORP/BANDAI NAMCO HOLDINGS INC-STRATEGIC ALLIANCE","3571","Taiwan","Completed/Signed","Strategic Alliance",NA,3743953045,"Taiwan","Asia"
"BANDAI NAMCO Holdings Inc","3944","2021-04-27","","Game, Toy, and Children'S Vehicle Manufacturing","Japan","HTC CORP/BANDAI NAMCO HOLDINGS INC-STRATEGIC ALLIANCE","3571","Taiwan","Completed/Signed","Strategic Alliance",NA,3743953045,"Japan","Asia"
"McAfee Corp","7372","2021-05-03","","Software Publishers","United States","MCAFEE CORP/FUJITSU CLIENT COMPUTING LTD-STRATEGIC ALLIANCE","7373","Japan","Completed/Signed","Strategic Alliance",NA,3736670045,"United States","Americas"
"Fujitsu Client Computing Ltd","3571","2021-05-03","","Electronic Computer Manufacturing","Japan","MCAFEE CORP/FUJITSU CLIENT COMPUTING LTD-STRATEGIC ALLIANCE","7373","Japan","Completed/Signed","Strategic Alliance",NA,3736670045,"Japan","Asia"
"Agora Inc","7372","2021-05-11","","Software Publishers","United States","AGORA INC/HTC CORP-STRATEGIC ALLIANCE","7372","United States","Completed/Signed","Strategic Alliance",NA,3746750045,"United States","Americas"
"HTC Corp","3571","2021-05-11","","Manufacture computers,mobile telephones","Taiwan","AGORA INC/HTC CORP-STRATEGIC ALLIANCE","7372","United States","Completed/Signed","Strategic Alliance",NA,3746750045,"Taiwan","Asia"
"Hailo Technologies Ltd","3674","2021-06-01","","Semiconductor and Related Device Manufacturing","Israel","HAILO TECHNOLOGIES LTD/LANNER ELECTRONICS INC-STRATEGIC ALLIANCE","1731","","Completed/Signed","Strategic Alliance",NA,3749980045,"Israel","Asia"
"Lanner Electronics Inc","3571","2021-06-01","","Mnfr,whl computers,peripherals","Taiwan","HAILO TECHNOLOGIES LTD/LANNER ELECTRONICS INC-STRATEGIC ALLIANCE","1731","","Completed/Signed","Strategic Alliance",NA,3749980045,"Taiwan","Asia"
"Mobix Labs Inc","3571","2021-06-08","","Electronic Computer Manufacturing","United States","MOBIX LABS INC/ACROMAX INC-STRATEGIC ALLIANCE","3571","United States","Completed/Signed","Strategic Alliance",NA,3753291045,"United States","Americas"
"Acromax Inc","3571","2021-06-08","","Electronic Computer Manufacturing","Taiwan","MOBIX LABS INC/ACROMAX INC-STRATEGIC ALLIANCE","3571","United States","Completed/Signed","Strategic Alliance",NA,3753291045,"Taiwan","Asia"
"Telit Communications PLC","4812","2021-06-16","","Wireless Telecommunications Carriers (Except Satellite)","United Kingdom","TELIT COMMUNICATIONS PLC/VAIO CORP-STRATEGIC ALLIANCE","4899","Supranational","Completed/Signed","Strategic Alliance",NA,3758009045,"United Kingdom","Europe"
"VAIO Corp","3571","2021-06-16","","Electronic Computer Manufacturing","Japan","TELIT COMMUNICATIONS PLC/VAIO CORP-STRATEGIC ALLIANCE","4899","Supranational","Completed/Signed","Strategic Alliance",NA,3758009045,"Japan","Asia"
"Paxman AB","3841","2021-06-18","","Surgical and Medical Instrument Manufacturing","Sweden","PAXMAN AB/PT GEKHA KARUNIA ABADI-STRATEGIC ALLIANCE","5099","Indonesia","Completed/Signed","Strategic Alliance",NA,3760234045,"Sweden","Europe"
"PT Gekha Karunia Abadi","3571","2021-06-18","","Electronic Computer Manufacturing","Indonesia","PAXMAN AB/PT GEKHA KARUNIA ABADI-STRATEGIC ALLIANCE","5099","Indonesia","Completed/Signed","Strategic Alliance",NA,3760234045,"Indonesia","Asia"
"Bomanbridge Media","3571","2021-07-29","","Electronic Computer Manufacturing","Singapore","BOMANBRIDGE MEDIA/IN10 MEDIA PVT LTD-EPIC ON-STRATEGIC ALLIANCE","3571","Supranational","Completed/Signed","Strategic Alliance",NA,3783222045,"Singapore","Asia"
"In10 Media Pvt Ltd-Epic On","3571","2021-07-29","","Electronic Computer Manufacturing","India","BOMANBRIDGE MEDIA/IN10 MEDIA PVT LTD-EPIC ON-STRATEGIC ALLIANCE","3571","Supranational","Completed/Signed","Strategic Alliance",NA,3783222045,"India","Asia"
"Wistron Corp","3571","2021-08-24","","Manufacture computers","Taiwan","WISTRON CORP/OPTIEMUS ELECTRONICS LTD-STRATEGIC ALLIANCE","3999","India","Completed/Signed","Strategic Alliance",NA,3791123045,"Taiwan","Asia"
"Optiemus Electronics Ltd","8711","2021-08-24","","Engineering Services","India","WISTRON CORP/OPTIEMUS ELECTRONICS LTD-STRATEGIC ALLIANCE","3999","India","Completed/Signed","Strategic Alliance",NA,3791123045,"India","Asia"
"Wistron Corp","3571","2021-08-25","","Manufacture computers","Taiwan","WISTRON CORP/OPTIEMUS ELECTRONICS LTD-STRATEGIC ALLIANCE","7372","Taiwan","Completed/Signed","Strategic Alliance",NA,3791728045,"Taiwan","Asia"
"Optiemus Electronics Ltd","8711","2021-08-25","","Engineering Services","India","WISTRON CORP/OPTIEMUS ELECTRONICS LTD-STRATEGIC ALLIANCE","7372","Taiwan","Completed/Signed","Strategic Alliance",NA,3791728045,"India","Asia"
"Indkal Technologies Pvt Ltd","7376","2021-08-31","","Software Publishers","India","INDKAL TECHNOLOGIES PVT LTD/ACER INC-STRATEGIC ALLIANCE","4841","India","Completed/Signed","Strategic Alliance",NA,3792714045,"India","Asia"
"Acer Inc","3577","2021-08-31","","Mnfr,whl computer,mobile phone","Taiwan","INDKAL TECHNOLOGIES PVT LTD/ACER INC-STRATEGIC ALLIANCE","4841","India","Completed/Signed","Strategic Alliance",NA,3792714045,"Taiwan","Asia"
"Calypso AI Corp","7372","2021-09-07","","Software Publishers","United States","CALYPSO AI CORP/ELITEGROUP COMPUTER SYSTEMS CO LTD-STRATEGIC ALLIANCE","7373","Taiwan","Completed/Signed","Strategic Alliance",NA,3798897045,"United States","Americas"
"Elitegroup Computer Systems","3571","2021-09-07","","Mnfr computer mainboards","Taiwan","CALYPSO AI CORP/ELITEGROUP COMPUTER SYSTEMS CO LTD-STRATEGIC ALLIANCE","7373","Taiwan","Completed/Signed","Strategic Alliance",NA,3798897045,"Taiwan","Asia"
